col1,col2,Outcome
0.10835294139425078,0.19176678427948934,1
0.20143756505884924,0.7821868326409802,0
0.23656281813291735,0.14313317338469633,1
0.42688854996440084,0.06282487610738519,1
0.055692136488398325,0.18723006949920462,1
0.6780588394449548,0.2132371102828966,0
0.8059003413564284,0.48733286164696366,0
0.3858161699244772,0.39190904889612477,0
0.28540260171447385,0.6390460281348401,0
0.03422383197432188,0.4709499442241767,1
0.27400236942428113,0.8525532895116605,1
0.1544390704208337,0.70519708661613,0
0.0025535779753267374,0.3655695823584688,1
0.885252505282314,0.15790941212723086,1
0.2216224543229942,0.9691044056407073,1
0.8200010288097175,0.21831019615645675,0
0.9583015251947523,0.2792591606649317,1
0.02305924162811368,0.362426734341441,1
0.21121490643321295,0.49628151399236586,0
0.765928284946974,0.6342832031710383,0
0.6728367257008449,0.5790302787208447,0
0.39786775085167425,0.8907944289503891,1
0.25148395904165033,0.959519511286692,1
0.2478113462334326,0.921603612668168,1
0.5499327280337517,0.25325724640102065,0
0.76442427905283,0.412269060439429,0
0.7512235956841357,0.8381503766812639,0
0.48155056321734824,0.10721233007834607,1
0.48784594433422623,0.6112633933309395,0
0.6740139249114084,0.9486596602961955,1
0.6662663174276682,0.41583571552272913,0
0.2946573023346717,0.587177962757937,0
0.7782517263849191,0.44810052242661336,0
0.1388366544674956,0.5897260263729301,1
0.5854527521136518,0.7706878141952584,0
0.2811448836822865,0.7578983104079393,0
0.22489206344634316,0.15200714845719399,0
0.009941495931286237,0.1646231993563666,1
0.12947286835553973,0.32514592524565156,1
0.024877829784272,0.2884193153410225,1
0.7543622192456947,0.008875255198188658,1
0.5357313921373319,0.3685912749953947,0
0.9749401688973298,0.5802547123525019,1
0.8026216032930648,0.778343239099187,0
0.6412923915633599,0.00011667229496570286,1
0.11998825241864708,0.488720461961479,1
0.541554528189275,0.29454484412978466,0
0.26578065103328097,0.2249673395258578,0
0.7457870549667797,0.5535470203880865,0
0.3922705708252332,0.43575415100052883,0
0.23720885493139177,0.8326663193958216,0
0.025070997387923177,0.4994841764511557,1
0.44238270853158235,0.49157221061725054,0
0.5748116257212653,0.9314082386852136,1
0.49320299149081304,0.5922055779257399,0
0.08239628183721548,0.33061041917723255,1
0.005644298880262966,0.9038127984011914,1
0.5078796707453727,0.8438067933763486,0
0.1098498828659974,0.45018230578221763,1
0.3315493840466772,0.45476491926434637,0
0.45468595826043334,0.9232086273463964,1
0.2420984995436135,0.05304355081045842,1
0.7132423360141216,0.5424371062425375,0
0.4656385578161779,0.13322170289772972,1
0.27305230046879203,0.18450845713131936,0
0.8967356094750584,0.8125767253056831,1
0.39417230912075807,0.9116853326059927,1
0.5713016664261534,0.5686040704722312,0
0.5634308446927552,0.06071238315251981,1
0.6393291262311047,0.7500993569202382,0
0.8080303441988373,0.7120723356435926,0
0.7563337653660438,0.6899332197325991,0
0.433664341061369,0.4304192294266943,0
0.3078253001753223,0.8334892451231123,0
0.12573051506344657,0.7784615059563802,1
0.07708805798297291,0.0806652637444556,1
0.732695817820701,0.9054664004399879,1
0.06590873090305716,0.7461829600194425,1
0.2216628548779822,0.09790348334667598,1
0.37572366196813534,0.8862781110208837,1
0.5115582350620523,0.17057826263542453,0
0.9828198809856419,0.07399132706243894,1
0.36533459501481713,0.10557071974320797,1
0.13629045526707984,0.7831863163118179,1
0.7403742406769571,0.17037030548000498,0
0.9564163918816573,0.02862766726944721,1
0.5433911057952653,0.21522813810603525,0
0.9230183963860177,0.09021983471004191,1
0.35797125689507825,0.6552013569206306,0
0.24276532123138506,0.867961295111383,1
0.4399285972223236,0.5313018534874667,0
0.6288715215751803,0.816124332463422,0
0.3083932901017674,0.9374619185934582,1
0.17699503770424008,0.9606847137190752,1
0.9752117640231621,0.1044601841714663,1
0.9784929077187455,0.32574245978714544,1
0.772690196406818,0.5006074703018341,0
0.4758468599069896,0.5698612404357695,0
0.040150974700603914,0.5273187072441164,1
0.6095856255145741,0.6317808723594972,0
0.6500891520029102,0.9547053585971081,1
0.2449046074615786,0.0023237144786574238,1
0.2615073469144361,0.38251323754524125,0
0.07033612873441408,0.24446952060972427,1
0.6834704773187561,0.16367490760661707,0
0.25291452142119875,0.8706017978515584,1
0.00924810410106558,0.3727428260963018,1
0.4925878688773163,0.7063815516792484,0
0.4973895606755635,0.7639873886847626,0
0.8927361576271255,0.975149906395576,1
0.9105827755264191,0.7455041984241148,1
0.9897845807937337,0.5688560436251443,1
0.9798648369988916,0.10852892688386462,1
0.1842955736216444,0.7510904978225782,0
0.1425910624672727,0.8230368326705815,1
0.8179265936708832,0.04811864557482881,1
0.5096988843993127,0.7393154210749171,0
0.6272801131556468,0.36835566890315474,0
0.48360482477909517,0.026813255677048287,1
0.7788445957956921,0.2225570552064854,0
0.505587023787215,0.7622483206958917,0
0.6971406334870195,0.6248803846225356,0
0.37169672781846286,0.7538384498215508,0
0.8133211387805541,0.4321327357619509,0
0.13868862275131932,0.5620981661946405,1
0.7205928828748882,0.45437757174927884,0
0.5810217475649608,0.01507917118544666,1
0.7464458126131631,0.3772473662708722,0
0.7359311848096417,0.31502814673810886,0
0.4298206702230549,0.10324953393711622,1
0.7766534634690455,0.33354127749835094,0
0.6797554490223313,0.50319364374516,0
0.4908989929805436,0.6846136807049028,0
0.054587997499124685,0.20053346071089628,1
0.6087539638347846,0.5398729468174572,0
0.008297566200260786,0.952262986957948,1
0.4218400242535837,0.6439904125834669,0
0.34477425418587504,0.6463969504565039,0
0.2558347868854831,0.657212239704815,0
0.49166934813775043,0.03167112422398233,1
0.47251081528732797,0.1898035406244375,0
0.7299304099593004,0.49872769800643135,0
0.26133195718366564,0.20593690667608922,0
0.3613677869019468,0.892427387115297,1
0.7369501843493242,0.6502654864673802,0
0.060478161217206616,0.12729562861724242,1
0.4760671632516973,0.7091287010083802,0
0.7643533829994049,0.015193613069663048,1
0.0028829971687988065,0.9997536691605091,1
0.8946852788871789,0.10710591696090355,1
0.6274952976789825,0.036217660629983106,1
0.5089557889245366,0.8443871227465118,0
0.3218921816055028,0.4240419570845657,0
0.44787346556757146,0.7368141351977276,0
0.5188480223262938,0.12044000464102445,1
0.3847492022752077,0.6680930041133579,0
0.40076428022083677,0.17187833757568627,0
0.41940820535606516,0.9839263562163787,1
0.6427286085690636,0.2848317239476895,0
0.02996266325523922,0.14986167082389956,1
0.728957175998711,0.9890808911469229,1
0.06615188093518465,0.9001968546780108,1
0.1401939794947804,0.8146586586732404,1
0.4024714383528232,0.1136114971629485,1
0.6509159491992398,0.18453937115411445,0
0.38141920352753467,0.6553700738976791,0
0.6739128349791,0.07215115131367733,1
0.04741361836244884,0.8389491191583982,1
0.00307988774062673,0.9313325750627328,1
0.015411982539367042,0.09997085857532717,1
0.6721783933717984,0.43703173791481387,0
0.33747103998644856,0.830389649518207,0
0.23887022446350126,0.9958213106501758,1
0.914577777969609,0.8466723504243325,1
0.1971794568080677,0.11704208224543633,1
0.767173264542539,0.051513771436792366,1
0.5495110193797571,0.1852800649268752,0
0.5820385910778054,0.5004426780115632,0
0.22831279621411948,0.18924921494462066,0
0.6938600268913839,0.022895121491463888,1
0.8304883853319949,0.039282920710459246,1
0.9728159136552816,0.9285466567426892,1
0.8971400271940958,0.45377616042717994,1
0.6915109332627648,0.8019864966281505,0
0.7877158187595007,0.33495526821583865,0
0.8782065564051941,0.7421790529716372,1
0.17630004938369603,0.6750098427919643,0
0.2522170947216572,0.9678275299909838,1
0.7286370318868798,0.2288354854571074,0
0.4368824737363868,0.26777575217539396,0
0.5811962855408541,0.3976483337336709,0
0.9736034181048229,0.04508843832542675,1
0.01670703294133924,0.08052737761503381,1
0.9146167223702819,0.7892938013037979,1
0.6875103650883437,0.8119183170301663,0
0.45364918077034977,0.6916278635913712,0
0.02430907468582988,0.5793942595926288,1
0.2771263044536292,0.8805972899604935,1
0.3276432042166506,0.9914008839981868,1
0.04781818849440078,0.9474361207272531,1
0.4035044293081532,0.8156229343015503,0
0.679302198772904,0.3526959798210111,0
0.48912287368408647,0.9969643753169678,1
0.044790994061086664,0.045024691073547785,1
0.004978644086929385,0.06961710807586785,1
0.3627394939996711,0.4745037616371003,0
0.28067171395114565,0.3366154473865137,0
0.5046862574134084,0.35214022625266406,0
0.10174075489330225,0.9683826864165663,1
0.6612431799777004,0.6567014869164638,0
0.09016535585966678,0.5238899456147241,1
0.9062448702155592,0.6456247816608315,1
0.22125013191198029,0.19644144715260203,0
0.2295902306829265,0.8189213451992191,0
0.4322844943653126,0.04485390948127388,1
0.5984471883659891,0.6953852042419257,0
0.26309313326184813,0.30241798758177774,0
0.4290920838298815,0.7631753727513714,0
0.013614803013167198,0.582730252584655,1
0.18563129883970697,0.9361907837626143,1
0.11626654066720876,0.6948331559667038,1
0.6557136071415871,0.04980386597110986,1
0.8337382991327064,0.8799442170104069,1
0.5380599160761352,0.37669129418271996,0
0.4136280461794667,0.7581401944058306,0
0.24203172247956384,0.9539530594712844,1
0.01290014630952041,0.6043742378671318,1
0.10277531995244338,0.8006985289600544,1
0.0001391526317201519,0.7647143992566722,1
0.5702492500822739,0.009987042397386792,1
0.365091198461592,0.237867577123972,0
0.9784343896477489,0.4055014854903016,1
0.5598539057191693,0.47801073023620033,0
0.455585241400534,0.27096260067178624,0
0.7936822085815399,0.03104007406242293,1
0.9578085530226337,0.8276928384039012,1
0.4149279481917125,0.7592817233500655,0
0.39621414021840085,0.26708490893177383,0
0.05523914781318695,0.9834203728416877,1
0.1172071234635026,0.8118759909454969,1
0.5794880635045264,0.4958957149902832,0
0.4718900369050524,0.35467702131137346,0
0.5689011174438604,0.6377419094826262,0
0.06245607427002131,0.8723851957084625,1
0.6595479740887338,0.3866378646858144,0
0.013718093556584599,0.8342341555423284,1
0.8759870355265997,0.6242641209037086,1
0.2806766225994043,0.46510509730308724,0
0.608618702818261,0.8676032735887678,1
0.557336299883952,0.9825868252351261,1
0.6154842233158133,0.6779545590358005,0
0.04869938855954914,0.7100985447722586,1
0.5790795898018372,0.25495463661819495,0
0.08243811906806076,0.5749861663887654,1
0.12393029869465855,0.5629641296812101,1
0.6862543706179461,0.44836049534857036,0
0.8531531539664167,0.4207985932191868,1
0.8851957165396646,0.815969460714757,1
0.6059776727380328,0.9562586447038814,1
0.9810366580164785,0.692485616125022,1
0.05156559736661592,0.6878314012277885,1
0.6039789111816984,0.229455950168014,0
0.9042936869765954,0.9528309302834491,1
0.5752250055206719,0.06631008129214166,1
0.245902951501084,0.7510910665623237,0
0.6411085223592699,0.48287215094096736,0
0.6516880182238718,0.44274051728026487,0
0.9250331528486274,0.7345931627118611,1
0.49350944367069216,0.3618533246923844,0
0.3945813860198363,0.26778930994462113,0
0.055486757585672786,0.42809654782120277,1
0.7385129361067764,0.8804432177452183,1
0.9351423449612086,0.9568935295794669,1
0.275151972313721,0.1695006846662216,0
0.5187178453475229,0.4294821559434302,0
0.1899052522922151,0.826002583788103,0
0.6209692285300821,0.7559982018529375,0
0.9964019342942728,0.20884890093467168,1
0.3618056801945789,0.21203454339413164,0
0.34099207231184625,0.337187699062403,0
0.33342586105054584,0.36450795865391783,0
0.06129206043465574,0.8859492606595837,1
0.4023757697452386,0.2962203638196024,0
0.8399834719686834,0.13444634765153674,1
0.8663426043530108,0.7811140992716739,1
0.027127943980145286,0.7700904826338296,1
0.8158684712720562,0.16547615770017698,0
0.35496895750366764,0.3633527781582859,0
0.5169287842834046,0.5182435659972242,0
0.9138462243590001,0.0713741555479992,1
0.6148871686876757,0.7889570311345768,0
0.9897315000697223,0.38348650846528987,1
0.6505854914492353,0.09899259838934527,1
0.22049049187029213,0.4030615880287587,0
0.9170801106128751,0.10145680725664985,1
0.8893535484891295,0.5121630547866408,1
0.8416780834698322,0.9489103867868951,1
0.9090519860083197,0.38074263181674584,1
0.035669814343801454,0.06759276023023819,1
0.43106658917257956,0.03131297144888401,1
0.6906905536685322,0.7472804896920591,0
0.8243450458465573,0.6254346638158491,0
0.6828944880062668,0.6305371904580017,0
0.8511371032245572,0.34059981417055607,1
0.00012362798314435874,0.3187491151269355,1
0.9004920323597865,0.8367161986119075,1
0.27000540172312804,0.026090103563467748,1
0.1002258509001629,0.9305034171406585,1
0.4302670552057365,0.19126520993563356,0
0.1628577011902702,0.3426227157236599,0
0.3816330566771726,0.8511816077157662,1
0.7840544614600269,0.8659760070717223,1
0.04178465197015069,0.8904100318669809,1
0.41061067977291155,0.11587233552672216,1
0.4694672039389107,0.06545638347540894,1
0.4365821469749601,0.8178744737475535,0
0.7523279435990341,0.5051476381352039,0
0.5546446024103404,0.0275854208113816,1
0.518691328949889,0.08051476786324796,1
0.32260991609436596,0.5967433709645373,0
0.8788361996654386,0.511699546167867,1
0.25214027577354636,0.5174485947787154,0
0.49119901662413346,0.4409600587583884,0
0.9278564057721878,0.6467994400484604,1
0.3807436584491617,0.956203697526966,1
0.7124003246906001,0.38633488507604674,0
0.8422436208417464,0.8906046027039294,1
0.5917680013721793,0.45954787436342037,0
0.9119422630744423,0.15698556950024212,1
0.7497819795208038,0.682993674488746,0
0.6824373325804393,0.12860584845109646,1
0.07915914400048052,0.4212847021767654,1
0.7263307210421829,0.8850037191576852,1
0.192952799171361,0.6562542470899275,0
0.172946480504089,0.060536815816056966,1
0.04362744751136849,0.8690421978022671,1
0.8249485091550788,0.8278214235097331,0
0.5227505956181754,0.5213075503437663,0
0.2714012180098836,0.7054749512961438,0
0.9539426106108541,0.27517607088964824,1
0.06513318947573654,0.10869925178621631,1
0.22624815234564455,0.9219430275261072,1
0.4041776858424512,0.4712563049531199,0
0.9261471907233938,0.7878739414580781,1
0.5060372723026121,0.5341923790493376,0
0.28169456925959835,0.9099253919407266,1
0.48170556356016814,0.4861289820475133,0
0.18672436489435484,0.8126785393581375,0
0.03640113370688247,0.06026808410944906,1
0.2117719427925302,0.9692814602081986,1
0.6166673519091601,0.2721455630459677,0
0.4130867870055067,0.5857614671012278,0
0.05521623915035134,0.847214017926958,1
0.6904556520545685,0.5413205329420717,0
0.5259064188467167,0.7552960214746031,0
0.7193722554331371,0.06294042363857788,1
0.7195500045434836,0.8921782137240986,1
0.9587676438018181,0.9847740340515333,1
0.7035914270399317,0.08602974371234784,1
0.9163551447150431,0.6763703809535494,1
0.5101143230363021,0.7003690032020565,0
0.5718797913470925,0.2410047905980771,0
0.8459932568091891,0.1512129702128603,0
0.9983424657648118,0.031407159726620226,1
0.47594009252274605,0.5240226002131456,0
0.6006996147458422,0.22753164034615136,0
0.07378025368489316,0.5706244429440309,1
0.17891072861530843,0.15090587851855775,0
0.8340109396807084,0.8102085876189812,0
0.6525855468881062,0.9957491991143216,1
0.7704706925785076,0.7223425446042335,0
0.37644063846274745,0.2821764613281351,0
0.6346865676168225,0.679090840863934,0
0.5020289717685774,0.35014282448286715,0
0.8782864423117419,0.7920153632809988,1
0.9864181859764791,0.9841177038734777,1
0.467539200048931,0.11684043415111756,1
0.5843203551809486,0.4521167500026344,0
0.2911487009214031,0.020460517935310896,1
0.7756147393280372,0.9073031459432247,1
0.6384874509916103,0.6909213337167054,0
0.9597802210038866,0.07087966084925856,1
0.08350596746518846,0.5810839902953514,1
0.5381110124138486,0.889040024914997,1
0.9825573663124353,0.9703234994262946,1
0.680555229122354,0.6566048089897599,0
0.15258958312017312,0.1913850228699001,0
0.9874841619694469,0.8899012464341182,1
0.45728550926943345,0.2437360070007103,0
0.7643590257749615,0.7945095537373154,0
0.3596597812598872,0.803866789081871,0
0.0865488473113043,0.12751105873077873,1
0.7508509007079841,0.14983487347679358,1
0.6317148166536851,0.5150439300530013,0
0.7924638419626638,0.4737396076481135,0
0.45028456248062343,0.37309413311909656,0
0.039200353037417535,0.045966379058069884,1
0.49216581834339224,0.13956367721307117,1
0.3857916203701901,0.767624202502321,0
0.7988181925451597,0.5581671635917518,0
0.4829291633694305,0.8497874361900644,0
0.3742465672731279,0.7478094294607682,0
0.5162062986480437,0.6478948749647299,0
0.9183695008727911,0.807312830674112,1
0.03914674908765514,0.7188830289526814,1
0.25474896184388374,0.4254416882490024,0
0.13012281932588166,0.8628887379694923,1
0.37000590365331454,0.17884747608801466,0
0.9345132019488176,0.02179722031923903,1
0.3091873361658726,0.9087171017170793,1
0.29863932573004714,0.8228425051684082,0
0.9788427114341529,0.307593446220387,1
0.8575523124028157,0.618871328092708,1
0.6918913161973762,0.3989200755257095,0
0.8075388887262259,0.33068581977776235,0
0.5497901510088543,0.16412349060012088,0
0.4258647471567899,0.6396424821461137,0
0.03372452806086157,0.6954676582244949,1
0.5070982666473928,0.07274745819356176,1
0.5350311651959613,0.8626719491203033,1
0.7844636130496114,0.7914218142517182,0
0.801329052722431,0.24637262369438417,0
0.9353088853169614,0.9914035061993913,1
0.47860694838245144,0.6993103274949009,0
0.8110570843546421,0.726310687287749,0
0.7361764927502358,0.23588663618775163,0
0.5818711399788099,0.7956968427371126,0
0.3856985731084517,0.4180016131083236,0
0.37173167417209296,0.44973157933354335,0
0.06741295094908373,0.5713331018724396,1
0.2724482531930251,0.6628909587854068,0
0.8100810573414189,0.3710259677493176,0
0.9572757985222122,0.10333150241203892,1
0.04895115910220771,0.25570965906320575,1
0.16613327697282154,0.015226845372118047,1
0.9100356850594019,0.37724122951592354,1
0.2599439600468586,0.36419210800373847,0
0.4196829531872641,0.7233194289836881,0
0.19044404743645815,0.5609721633687358,0
0.8677669583945324,0.07881331265095781,1
0.27576330217430023,0.7282974746027266,0
0.7430252151917934,0.8499061539500716,0
0.680118316258877,0.21024848800033802,0
0.9330932629775722,0.12369460126530085,1
0.036761355068300694,0.041859188542509695,1
0.4583515784089752,0.10242338914226023,1
0.25739974658568243,0.31243026288256215,0
0.8413334218888231,0.7273542510566093,0
0.7363821803808598,0.5416073957870827,0
0.8610242119733577,0.35048615139540706,1
0.899753818581473,0.6538844663120448,1
0.38220872120863336,0.005521635140312342,1
0.4665496896151623,0.27689467211946506,0
0.9941087618934557,0.6600653512172853,1
0.8256431103865961,0.04299223783378725,1
0.9775258695817883,0.34471925638004064,1
0.6076675496617255,0.21208751979976193,0
0.5313073894756665,0.7165692755983165,0
0.29176698671174306,0.9080574540384293,1
0.8907763202074838,0.17132061602053605,1
0.5982689759825864,0.38440997601925786,0
0.014810011865784789,0.4927053445960805,1
0.19916926584547745,0.4249552500532001,0
0.18931292980875736,0.667374532204049,0
0.09391504516430216,0.25007138164811127,1
0.5619736985085346,0.1857321409052768,0
0.006648772570467698,0.7270864142281005,1
0.381608498970767,0.4761682772075918,0
0.46967271118058707,0.3562581069266365,0
0.8776324542884226,0.5774392589589384,1
0.17033445235481182,0.32698089732600344,0
0.004299309395157325,0.8276667247215027,1
0.9727507926205654,0.3030955503688224,1
0.5932934108509292,0.9729595546488029,1
0.28319552288556404,0.7182034497919514,0
0.18107401416622193,0.42294147331714615,0
0.4203999035030428,0.7252111882823841,0
0.7081816283604228,0.5470154335115202,0
0.4562679623374146,0.2222369335730292,0
0.4023523272872809,0.8606043020516939,1
0.6805050940149495,0.24222244453400932,0
0.5670101465697444,0.030711000145322798,1
0.9226765969265122,0.3700067807888302,1
0.11878704825274766,0.9984302971009243,1
0.5316073945182597,0.679977243267266,0
0.18240493867362617,0.7846455228518006,0
0.3916783947471565,0.7922623653560756,0
0.5563863494579002,0.3830816541588694,0
0.385257855998168,0.5291616411649019,0
0.4437070673576149,0.6291108739458753,0
0.7382595974606279,0.7658640975253816,0
0.10068800417462975,0.7394890816348766,1
0.03977551252059619,0.45727621656089423,1
0.8266872586630873,0.20819018285120006,0
0.4977709874092776,0.659623656280805,0
0.2279322716459179,0.757917915535345,0
0.9832285063741981,0.9827308291915156,1
0.11612117908051955,0.9823029479573081,1
0.15543218379486123,0.39183249652354146,0
0.844309555332149,0.7883387453114311,0
0.4566028227352309,0.44649993670615384,0
0.7461607506792425,0.006774340161207704,1
0.5739534987035767,0.08777554010867095,1
0.22862877855687957,0.8389266805702209,0
0.4805377409764424,0.10610762671992247,1
0.6736865369197478,0.39507397382001286,0
0.055307983328670485,0.9454326404417729,1
0.36744627677278274,0.3597570249732296,0
0.7055451468093842,0.3433602138040186,0
0.5933729116445611,0.6345404264430858,0
0.7932362532884863,0.6529923092760408,0
0.47352165516766254,0.7644971797809936,0
0.1543553942830277,0.11490283556158898,1
0.30624347348125824,0.05224418766709504,1
0.06894396449740459,0.647326421454624,1
0.775921705357749,0.45366935002829945,0
0.20925678620699817,0.11943658022625747,1
0.25756283949529,0.8959906385624049,1
0.7108789856526374,0.8870333132584443,1
0.20491159028827421,0.8432720439434177,0
0.5366209890901974,0.9792412407233628,1
0.276581333208476,0.19971071731621692,0
0.7389374275900994,0.35041839696966626,0
0.44840091390122094,0.5499296659368016,0
0.4752820739113697,0.2817437380300799,0
0.24490049302777916,0.17705116608242155,0
0.6739803912660871,0.3668645111717167,0
0.039836987329387674,0.48622049570565096,1
0.8485513116135392,0.0038617539876864004,1
0.9001965946909363,0.3338572360462563,1
0.910288054110973,0.11812717369255488,1
0.5736345680645477,0.07446525906024859,1
0.18013689983404912,0.10705696905551043,1
0.07098442730427301,0.34342685256694483,1
0.7276580383697943,0.28828078790854217,0
0.6689878549771948,0.9078346745763997,1
0.5038050070500566,0.31190263284665487,0
0.18842308794087348,0.09634874099161261,1
0.3128589531304957,0.7614145809934919,0
0.5464897369929689,0.4703658591425902,0
0.5254555475657422,0.1292391963321018,1
0.5848071709766093,0.14780403325442992,1
0.25810961600524807,0.961684453595357,1
0.8575865304142437,0.0307402933010259,1
0.4302784972144069,0.5515661043543716,0
0.5206617858737358,0.28011838674221246,0
0.6117646256129619,0.6176279293846496,0
0.3387391621510165,0.425653124760184,0
0.8620843343418676,0.2025937520985639,1
0.8111098614943499,0.3213913794491019,0
0.03576102491594513,0.8518141019966853,1
0.9922252065889433,0.6697360652265782,1
0.08384612528295454,0.8445217683812167,1
0.6059032516354149,0.3353362042085001,0
0.28974153972994854,0.18738591103194646,0
0.35626796513246284,0.32651306819707615,0
0.98973545266008,0.2799126886692074,1
0.01900428088416617,0.569464921752454,1
0.24834357795047413,0.8874916673537523,1
0.2930067179392425,0.9868011920200621,1
0.49244119809317943,0.3640620715173286,0
0.9879693113587963,0.1035606190344307,1
0.7337813845428173,0.8062993940066717,0
0.9298252563090583,0.1797529957985765,1
0.7570017231148439,0.09912567304107345,1
0.10822446293863786,0.852970594326075,1
0.6998543829444254,0.879210598797649,1
0.11638322180598926,0.33785945592932776,1
0.11506800131802064,0.24433683464939993,1
0.16143810287678761,0.41484717882017574,0
0.24777779370785602,0.6554494649441552,0
0.9425686424848945,0.3085554845780567,1
0.9331561509231314,0.8135434256034112,1
0.3082391511921907,0.1914100479580788,0
0.12582853630557533,0.17264549930990736,1
0.3906070253508993,0.6982726294223593,0
0.3303563836125115,0.7545586599690832,0
0.35212781391318115,0.8790498959947327,1
0.6148079681978664,0.11492283426764638,1
0.06988438290149812,0.668845270042974,1
0.763539864112327,0.514304825152031,0
0.9506029932917991,0.6877179632535897,1
0.42884874933677986,0.08480772418675542,1
0.6776912590017604,0.7059935677692134,0
0.2677069783326772,0.0939843608584996,1
0.522834312387248,0.5552768446577817,0
0.879244315809709,0.28675983223121115,1
0.5975395631075031,0.056474864990256446,1
0.5087343688097918,0.6666716109560852,0
0.29195656752633603,0.48172926611954103,0
0.2716135250168268,0.7140996697469864,0
0.07549929923836274,0.36604642935705256,1
0.014099322906438894,0.5157103043564,1
0.4801349026606033,0.8820997831513593,1
0.04557084948229373,0.6515858615505736,1
0.49881631814961847,0.5708681024846604,0
0.6828646968667985,0.2611006362554271,0
0.9353219386189218,0.20998247126284764,1
0.6498878013550843,0.011472167770540942,1
0.6194706486006795,0.7387108138543579,0
0.5161990685376041,0.3341034667937629,0
0.6686085938422454,0.16935127436831154,0
0.13568499065716555,0.5059110953029864,1
0.5488351280080641,0.2768444028031114,0
0.6131568489703071,0.5584276722173175,0
0.6635276362283219,0.733871351969868,0
0.7433879627385207,0.4355934695060384,0
0.770173386472839,0.15972126172198597,0
0.7261388085593834,0.5203492345911886,0
0.8822581081688792,0.5865270102782191,1
0.7604638706471551,0.8802740867723781,1
0.2411277604130736,0.23792215598610544,0
0.8177547584444527,0.34263246691382376,0
0.5145120152105986,0.9022234735192186,1
0.04053334602709269,0.6055976791335572,1
0.4239773234258585,0.8021279643579731,0
0.5878509793964072,0.8156505401277896,0
0.10980379065042889,0.8348763495127653,1
0.03145428526529925,0.21506526219708322,1
0.20206083728712443,0.32345298065380035,0
0.8386255170874691,0.4366719117448902,0
0.5336218663751412,0.8124072954153965,0
0.36946008398908703,0.2834981962424935,0
0.5833792057297624,0.0910101639347406,1
0.42441345893140603,0.44083421901679964,0
0.8580544075388233,0.43177888652544627,1
0.05438563793079698,0.8385792797452704,1
0.7739313991321332,0.5113959814439062,0
0.23007322665742835,0.308528134833596,0
0.45999913190467046,0.05131124482193561,1
0.5669918987643692,0.5200919417895724,0
0.3954135606294341,0.8765866935344863,1
0.6547278960552488,0.4617961690859176,0
0.569016833976897,0.9152356828823547,1
0.08515309400734583,0.5102213932124634,1
0.33340486326035723,0.5951515856593793,0
0.769483440396035,0.38605936407483943,0
0.4522692860641748,0.29704728155929794,0
0.31945360425479097,0.19148789410470357,0
0.3462692372903575,0.38738748807353585,0
0.14996833426724887,0.2883207424872073,1
0.9932135190792614,0.2074250047262708,1
0.5593632529842674,0.932326882253236,1
0.8510133331609145,0.8641977243897394,1
0.47415084037399147,0.6238501038537048,0
0.20079234615650754,0.5105821620105139,0
0.11832812684297012,0.9630961338139992,1
0.9434296903778839,0.469841959096194,1
0.0032810044172160158,0.28472940985352047,1
0.1011486831395969,0.09369696026512142,1
0.24092557839502715,0.1276797268347185,1
0.1690770940232219,0.216135793336396,0
0.8098547730189487,0.35969098700654667,0
0.9911881731436157,0.2838246795990278,1
0.724058975943598,0.49103534195661913,0
0.834244391661154,0.039593767790988554,1
0.16960088857064548,0.277785872684578,0
0.10726401260833662,0.3213187145294044,1
0.5547294841819002,0.9980661699973743,1
0.34315745425999145,0.6131729745062942,0
0.0841418275053063,0.5909238706401783,1
0.8890090473024691,0.0792668114718611,1
0.8053283747046072,0.4110308329831961,0
0.21063812478286603,0.9327880600395017,1
0.492057962276369,0.47550451054886467,0
0.12205988424359948,0.06069580039026079,1
0.4754636181571391,0.6541648255388233,0
0.9675336488110707,0.1078915465205108,1
0.161780352426663,0.5654291554048843,0
0.20182801192235822,0.487862507347532,0
0.7803937643803092,0.10680962716112641,1
0.7217255803796085,0.3055041599062087,0
0.31179617926476655,0.19810664134171552,0
0.49778613884017564,0.13743164041768963,1
0.7620918684180381,0.27348659298805045,0
0.32008984195974277,0.8841990640111874,1
0.3033075385025782,0.7271129523458787,0
0.1683871678861798,0.005504413791256879,1
0.4322185344546885,0.6177355076921702,0
0.3448883659891694,0.5816511335670372,0
0.9628080625754973,0.5796631286031068,1
0.48483564817459124,0.9838796878532333,1
0.6457277353579689,0.263599813087231,0
0.7661268689963586,0.25799821348947893,0
0.8148562052246945,0.7041063968158654,0
0.255079267882934,0.36314685925625123,0
0.05938538417710737,0.07043008684183139,1
0.5435766869602419,0.4057800540901316,0
0.5536395470059404,0.08633493351912036,1
0.9775469762758264,0.8998091009201626,1
0.05894909877727317,0.1598572014347075,1
0.4942643265898209,0.370492299741368,0
0.7008546648510581,0.6656358120926416,0
0.32578310042023284,0.532767745532184,0
0.024099875355166556,0.7073139916891718,1
0.2336306427502136,0.6909335949924502,0
0.1820212298012508,0.4126545799110989,0
0.670733237548598,0.4519305419094771,0
0.6544086294576895,0.8424344317314802,0
0.019715181191927833,0.47258950394534804,1
0.7047115186807574,0.9565705291409187,1
0.6969630291963697,0.4211258587992506,0
0.10081159712681509,0.11891375676390037,1
0.8763134796622697,0.015698263971816395,1
0.6168714241303441,0.567888057670488,0
0.6712831445534798,0.025217955411550363,1
0.39296888836041277,0.5946275885280665,0
0.4245299943552916,0.9510492657414591,1
0.658604279644458,0.017509722953467755,1
0.09431198635628157,0.20050509641100855,1
0.7222252968263101,0.5546654814715107,0
0.6378954150888482,0.7130978379199773,0
0.4934688858030464,0.3249190963305175,0
0.7690309656487213,0.13341469989074795,1
0.6783701100371274,0.44107114483685694,0
0.46351375975617237,0.952424728131413,1
0.7601937534120422,0.4956667050402286,0
0.9362988877762044,0.6272084312625715,1
0.26478570737274465,0.16341744095742106,0
0.50512777842767,0.8616063688661744,1
0.5406127029274335,0.7145870442762434,0
0.2764740495788591,0.7267930033668033,0
0.7641177836386364,0.9019646649694585,1
0.21785466050783964,0.11650997267560925,1
0.05834733416570881,0.24181321735272165,1
0.7052796782441608,0.1153551629273778,1
0.26406751090912184,0.6404699752919696,0
0.7494466027236572,0.3375471326291747,0
0.7415671136109502,0.7625730280866265,0
0.722896934373617,0.5155397267447008,0
0.3853293104488076,0.35884459428691184,0
0.18825320981737959,0.12671821479043655,1
0.47447071711563915,0.21710547823144655,0
0.45727577924410956,0.07814414862913577,1
0.2454005838714549,0.8552211266934897,1
0.4558466706067785,0.15236966101664817,0
0.31167746321771483,0.4926175143045147,0
0.43075021507913736,0.3283799808314034,0
0.6704409285762665,0.4764834968301187,0
0.3276916035161038,0.894866245924493,1
0.8182654280359152,0.011414598598232684,1
0.7312644125245188,0.11588021353218625,1
0.8909960756419756,0.767615020422996,1
0.13128022178125665,0.5903308930529747,1
0.8612675872582529,0.5248598681206912,1
0.37401727309065635,0.11070094045065992,1
0.6956723829504171,0.7300912278044072,0
0.30067334783761124,0.7089887226809883,0
0.17147238601175208,0.41783234546291703,0
0.1636347568981633,0.6580601350018039,0
0.4411733433764685,0.06129171890014029,1
0.4951181350303433,0.8065008679546543,0
0.29848688981619453,0.4572353842412442,0
0.8375809343270698,0.6826352371553901,0
0.6440640072556756,0.2878932876455055,0
0.6916959623225998,0.9435103888065698,1
0.3801998875298831,0.496755091052264,0
0.7474380299965566,0.316272887811925,0
0.954790817776269,0.7898022362892522,1
0.7603703292252202,0.8253836082719043,0
0.9901970355925581,0.4309114165209942,1
0.27076889816856287,0.5622937444548,0
0.9290291650313467,0.6470965441334726,1
0.21512803976826556,0.4123835442340503,0
0.5980196045263643,0.5264266684291016,0
0.04287580556929438,0.43061831295346364,1
0.2220346858911767,0.8959390550508153,1
0.5944658580584363,0.48661144626146036,0
0.7566073549072154,0.06439331129386006,1
0.3394932520134576,0.8969704326854352,1
0.9508723504579754,0.20339710033301628,1
0.3405839656339459,0.9403857333707316,1
0.7745206564038207,0.127359172871506,1
0.30143562677463953,0.010030985604155274,1
0.5813579647890821,0.7018418583089919,0
0.3798081202645218,0.7058893538403429,0
0.18806767211997055,0.2530949938653452,0
0.3415390719799637,0.5254335722830396,0
0.4713779577249003,0.7107273733962243,0
0.9246590996026243,0.4647936746195116,1
0.7462337756439839,0.7304186331464803,0
0.5260427617445125,0.7535790537152882,0
0.296628913299927,0.3538091610940203,0
0.850277769226235,0.9879639681025272,1
0.9882313887503299,0.245245174337417,1
0.296473107080773,0.2603222270091303,0
0.4005283456856096,0.18016532981601951,0
0.31327219946311335,0.6044419982529784,0
0.30676981614748655,0.8586439565888884,1
0.43379094834522847,0.07475571872502473,1
0.44790021913293465,0.11349610603523863,1
0.4750218686197947,0.1345082203425817,1
0.711954476949847,0.8334516318939658,0
0.5520810791445107,0.5097983009137049,0
0.8729767122111362,0.5241604501356953,1
0.8637744192105495,0.5059764379522429,1
0.5315864556756641,0.08201665610991626,1
0.9575484386316018,0.38106317381035726,1
0.5870617301314892,0.812341922610894,0
0.4032718711434351,0.31927764206478504,0
0.8354609915596183,0.2661793218658811,0
0.006663208631229489,0.8357186656194665,1
0.590763876377151,0.9417410138873616,1
0.9331011311199524,0.2903767815019588,1
0.10917175477579821,0.20552253765192063,1
0.13903309738302438,0.9011356717946856,1
0.21443470041444146,0.7747279235989961,0
0.20063220770374623,0.13907639138629124,1
0.018206623195794247,0.26895869641321324,1
0.6172906469236441,0.4293546322162505,0
0.9488491609339545,0.8079683826350019,1
0.6414939209268752,0.23496420585052424,0
0.6120070591620805,0.08869336825837149,1
0.952869261571906,0.03592653830992809,1
0.8203315866910652,0.8759293468116425,1
0.08277287488134288,0.308555230726101,1
0.5321833340479811,0.1566711457182145,0
0.8236439336709326,0.5420455102554783,0
0.1783530356087164,0.9203280078500959,1
0.0774028810411852,0.9556620205238737,1
0.4237654855180438,0.7033887814603406,0
0.13105958677604856,0.6329985829126528,1
0.42185795007434745,0.1086755617275943,1
0.7790592078931008,0.5689085550393139,0
0.9301737602140694,0.859664510879659,1
0.1048701763896881,0.5349517923350974,1
0.1729871218758714,0.679371592054339,0
0.9220566430245589,0.8248611367497818,1
0.7996786402337652,0.7327773479512728,0
0.49545355081510833,0.36909333324578353,0
0.42327777800128563,0.11574464630273096,1
0.6921897638435951,0.7323488728218726,0
0.009163159187958958,0.4880092825904089,1
0.24276903809213202,0.15591321919090528,0
0.9010679846788165,0.11349911923169653,1
0.5287364026005652,0.46450425584538935,0
0.9518804933996793,0.24035921212948297,1
0.9559925795915069,0.48723094504196196,1
0.11247755317080177,0.06371627657501011,1
0.1984038009842004,0.6676127672119755,0
0.7858438505451463,0.9880208899706271,1
0.5026571937022348,0.6158550719170973,0
0.016876009773625134,0.20582722714773427,1
0.7959465275600835,0.8324636562885736,0
0.002139429646524249,0.09215546106281436,1
0.2566940405381479,0.6561889333396149,0
0.2615336620330969,0.7995914437640702,0
0.5770470854464159,0.06997323172260117,1
0.9061146117176309,0.28708044981994163,1
0.7825942684290513,0.052344154719332736,1
0.3223183543622774,0.4083674978633407,0
0.8345359528418559,0.3430919798959372,0
0.8940246241035323,0.4988316412746534,1
0.007847838420860676,0.10946524042540196,1
0.28439586326022037,0.019664086450764562,1
0.22142273254232014,0.47306511510057137,0
0.7129084602035515,0.3425566565319449,0
0.6942152154697064,0.9876888005249256,1
0.3693503106939141,0.1904964527992138,0
0.5997083366221001,0.7414234474775855,0
0.6809441877559884,0.7889245689656066,0
0.23903436228687946,0.015517400179480223,1
0.029411625365501126,0.09996015822375681,1
0.6010899973879927,0.4067731894336233,0
0.20562937398265846,0.5464729224226355,0
0.5134111133330779,0.59481036822129,0
0.6651263307240868,0.8656676260866153,1
0.1246075582459395,0.8168811939490817,1
0.8272397922052289,0.44767053504468857,0
0.3293243671590359,0.9921134073009417,1
0.711655394384928,0.2991521376704461,0
0.002042497003832633,0.6282398165175753,1
0.5433920474433254,0.3378433303208902,0
0.19161285782290927,0.8406429288991742,0
0.5492393223459879,0.21838842717022167,0
0.4209979521411831,0.7711517390754794,0
0.09952870258464819,0.2951064858733585,1
0.8769771563297997,0.07459825658489139,1
0.79792959946005,0.37428253248128696,0
0.5500566303873796,0.9232283834995388,1
0.04537716340506193,0.5161165027000562,1
0.9952641042470532,0.09759441908507904,1
0.8665861418655738,0.8796940209235635,1
0.8172234807758424,0.19660386924298834,0
0.7065348994277513,0.9702661317386968,1
0.24744743071218778,0.8746055186276012,1
0.578673311581478,0.5325502195247067,0
0.40140585039670684,0.22510985268357886,0
0.41935175931473323,0.35315755004208027,0
0.330681230231178,0.16933056394568746,0
0.6461733570467115,0.6875882228464169,0
0.880295381422352,0.0012312080901825118,1
0.36250049616678925,0.5009308512672209,0
0.34298308922139764,0.07687507193815601,1
0.7968103375490856,0.35709443976083044,0
0.17650686144565841,0.6546820598085946,0
0.2715328983946623,0.5357642700264068,0
0.5687568216716197,0.266374481966843,0
0.5244064659472734,0.46514084896737007,0
0.34910778102748896,0.1978577195466752,0
0.3333545167414381,0.6976967027849927,0
0.955833647435265,0.6976749712999746,1
0.21320634074746558,0.9860678689181276,1
0.09745343752086766,0.025087299854336664,1
0.08778665708188915,0.10416147679194554,1
0.29858245375792747,0.6407739401135291,0
0.9217191622997816,0.4642219800150831,1
0.4995052117941744,0.8516652403089023,1
0.1146030182643405,0.436419888588656,1
0.07898422573767017,0.44768101034586927,1
0.5028955350272623,0.8544656793343078,1
0.17110850048003046,0.8625811881453217,1
0.3131484090016087,0.0088412936782849,1
0.2536210144945381,0.8604433273849758,1
0.46214079452488066,0.6961602977490678,0
0.721698014663721,0.9879362891994954,1
0.6606552143621203,0.8183380140387215,0
0.22318448293140503,0.06297755388587611,1
0.7719739266302069,0.09368440794640476,1
0.8118979465525987,0.3473348450096344,0
0.11338520707519595,0.32384608521171,1
0.6860429905805552,0.5454045338840542,0
0.15403406444107504,0.055486535324345554,1
0.10293850915717528,0.7121362546240012,1
0.3370362297996652,0.9423505167409927,1
0.15343158432427983,0.422375644330656,0
0.33773918228303,0.4672568310362304,0
0.876678742967813,0.20136624493149458,1
0.23547520288241575,0.6109962169742503,0
0.5659768607957126,0.6033128731510271,0
0.2161016766683087,0.7436075887282677,0
0.07514488926876584,0.6168050075480834,1
0.1739709790757863,0.7133223117282848,0
0.3445703457828142,0.11032664456254149,1
0.5401498872484521,0.7854952020024796,0
0.7204993251582121,0.9177096023773905,1
0.8569476441595825,0.33975686061790866,1
0.2663780184760035,0.8903048677438952,1
0.6362903136519309,0.7972700811893657,0
0.25542535963681057,0.9626438229966039,1
0.5135764012888646,0.48224117612394257,0
0.6620395039603241,0.6916075001000476,0
0.21297590432140046,0.33628682296079115,0
0.9936775242429273,0.7457636298407478,1
0.002074481489408586,0.5072060379332549,1
0.48587345799704285,0.10121079025050139,1
0.12970088140608171,0.3920606310900643,1
0.03603493585567796,0.3150049140008412,1
0.9255829239314904,0.2637072713187525,1
0.3079581160591227,0.4300330661849765,0
0.3390459851376023,0.6670719622558661,0
0.6212796729667174,0.2947632560418989,0
0.19251907428096604,0.48214828326618575,0
0.5074206312110736,0.30722326094711894,0
0.19291887213191694,0.894125561751933,1
0.8713377423762193,0.6741862456164531,1
0.814877322694178,0.6823763593564428,0
0.19136532551498986,0.9600442350141832,1
0.25561192716693437,0.12280419102823503,1
0.6175922036878437,0.8880802362265124,1
0.29671820287957074,0.5495133202784799,0
0.7200433666762595,0.6726299779458725,0
0.1221909011311958,0.49231145501825513,1
0.937315356667565,0.974028959151444,1
0.8230140346487133,0.26019494924930575,0
0.23542522619753126,0.42905214879519893,0
0.8683338072885444,0.5783367929761918,1
0.21721721427491003,0.8679987007336235,1
0.6359047582066537,0.5785972789648725,0
0.822816347625135,0.5945602832832667,0
0.7598570550143291,0.9608845011658532,1
0.4532568784436415,0.47615370089414977,0
0.4949268240354642,0.1751799293825278,0
0.569729444121115,0.6306050798189229,0
0.49919933423299734,0.44677017492805227,0
0.7937858788333276,0.20795783611773022,0
0.5091420005153883,0.5446180132168242,0
0.5062880417303682,0.08202034090656274,1
0.8503674049959681,0.24567549175962022,1
0.5324370445281219,0.3122682142718992,0
0.04035564468758224,0.4443676341475079,1
0.12242065673537972,0.8916440128614639,1
0.2232353864597333,0.6236591415107733,0
0.2937070884284694,0.8306342179866852,0
0.5296220959013033,0.9919331670264732,1
0.29342386987252356,0.2985973256159804,0
0.8595520723277322,0.8916353180855747,1
0.3331583808394667,0.5433394508233848,0
0.12586763865760053,0.4468994395161803,1
0.43755214342836857,0.6380112045164348,0
0.12732231458054777,0.77785700634334,1
0.6603271326670517,0.7484542623686518,0
0.4369935382323258,0.6202393776486008,0
0.29023194224377324,0.6101064222478103,0
0.3877411427045502,0.7150883176657069,0
0.6373880623675826,0.03350803362912669,1
0.9813298794271655,0.25569920660003076,1
0.7670137858071234,0.03766145415748212,1
0.17347894578092138,0.20431962589497643,0
0.4833682283404518,0.789820401034713,0
