col1,col2,col3,Outcome
0.011355417777410781,0.2778002613430296,0.4570254570988975,0
0.3008231857591339,0.7170141873590464,0.8239193750971633,0
0.6890871452592621,0.34180939005482647,0.8350642760745656,1
0.12514497312602657,0.8581879004375176,0.5432568230590372,0
0.12175828765082453,0.5301742051035322,0.37497206396169913,0
0.4072809590345168,0.938658944393208,0.42727332918139915,0
0.6384822581887263,0.0011963219488692056,0.9661331410944174,1
0.25983062662837664,0.796780582293849,0.9817915308344741,0
0.9220347671426854,0.4366033886397541,0.527323980718186,1
0.5923821816442087,0.867594150231316,0.7327843273466192,1
0.6996424183769977,0.48378098340690556,0.22849478322221983,1
0.7731566497157542,0.003929590343083045,0.04584584784111723,1
0.1569202624850713,0.43025872242336005,0.8935386712449522,0
0.5208388897856243,0.1597574938812668,0.49112203880649774,1
0.26920917915901965,0.8305450045431049,0.22926431616386478,0
0.5636806775267695,0.8381494162509348,0.9004126006391207,1
0.18610485083479789,0.49695977951013426,0.33657291533048983,0
0.8268909009012212,0.6674226399678608,0.8666178362791332,1
0.9996289212973412,0.8872252720119713,0.37048750546359976,1
0.8568378839253915,0.41548683538951137,0.6840169358844327,1
0.19410071348740043,0.886518843081056,0.3287731084276885,0
0.540921363780955,0.6103691125913802,0.8187009219357394,1
0.4206975604627622,0.6084303081362179,0.9442652479541044,0
0.03246039298843095,0.5466964986732419,0.8378136506416036,0
0.5126339498374913,0.6516045408053639,0.8403196705107723,1
0.7396924923765729,0.3169490047769735,0.9387225654828895,1
0.6643070651348074,0.8024479952805255,0.9015792297115808,1
0.2892292731563545,0.12458445027127829,0.08766646210904061,0
0.8326993973117357,0.27451699083416736,0.6608900942764769,1
0.0796319558910088,0.8253850923964928,0.06250658772916984,0
0.3007851849574542,0.5387072690931687,0.40778227292451674,0
0.7473633277771708,0.9774536999244917,0.8213737426502666,1
0.18453424028511622,0.9395385921544969,0.7955285898879814,0
0.3063579608932705,0.5927601239523395,0.7287594329681496,0
0.5829196608312031,0.7160432265930595,0.5469590501297786,1
0.8946947763022366,0.5279870721677288,0.736750767370904,1
0.505466201361916,0.5273963419393948,0.20875790251075366,1
0.4674634353126256,0.6210962951788753,0.1446546715798448,0
0.18940109915493786,0.15191125068477485,0.4586288049888474,0
0.8662717777186528,0.15032459983817847,0.23097261250742396,1
0.9748927786008049,0.10671767713035851,0.6668826591732221,1
0.6704693838565904,0.1460531074267446,0.5833469718013804,1
0.3676813202532735,0.07853514614758672,0.2265251103131496,0
0.3458017471185273,0.8323713429669892,0.7304827197338175,0
0.9998141805855468,0.09063424967639688,0.8809758365151331,1
0.07762701499457392,0.4625478483705586,0.18013499991359294,0
0.8257985834952655,0.46785259684932634,0.10060936424533895,1
0.022145793369098943,0.4257354589906892,0.9644792855599846,0
0.004168191442172842,0.9244521739811735,0.6827980448979697,0
0.7536487969409736,0.7695852087819456,0.1346885647977235,1
0.18647753969990943,0.6446473253312179,0.8752922693779022,0
0.4351079610285189,0.6682646205442008,0.4091719681216658,0
0.5820208023027835,0.9952852492135049,0.09904732188714915,1
0.3017011240526615,0.6557448008520408,0.08983618472947841,0
0.3319978926239514,0.4776391709103275,0.44482313150433406,0
0.07335817038278336,0.13315197124691136,0.22747929596996697,0
0.5073402313425938,0.9748391478652437,0.8271543295747839,1
0.39747528396767695,0.7353037639666485,0.9183629557021761,0
0.4026915705770443,0.7283418494333219,0.37886859121611327,0
0.9074616569384479,0.7717464930673698,0.2732340818647756,1
0.4513014853068583,0.47915519193095113,0.8815115376319304,0
0.035289861163031455,0.6119747665536431,0.38070398707016884,0
0.07075912633046288,0.1514817392335609,0.8101959932193298,0
0.3693848209959607,0.29784808486409353,0.8392236255081942,0
0.08411857916341936,0.5792265903346953,0.2500539244746799,0
0.7789904203050135,0.2830567218707497,0.15009972752149525,1
0.37814961271569125,0.5017322070550342,0.33986182186838076,0
0.3204620033379595,0.825978451742191,0.3886242710717208,0
0.14209862453431976,0.49640023185477367,0.8973918901253671,0
0.8037137650362102,0.8582522947218074,0.5536943021522618,1
0.7482430475880457,0.08501839967862745,0.17395593611939353,1
0.8208660057027057,0.3343308935682321,0.26217121410328126,1
0.11253341920257387,0.1199602918405075,0.6385666702897261,0
0.0303757986245361,0.04271324882830019,0.4697108026879113,0
0.667772843689584,0.6119610303905014,0.4772581784414365,1
0.9026325821710692,0.3905792082872164,0.10148372437989517,1
0.2831801549125228,0.04418599160932846,0.4725179551942842,0
0.7989326592365773,0.8699792102165852,0.8200598628496594,1
0.12494175334533497,0.651751614468078,0.5228899801677777,0
0.3270559521640414,0.28950990347465555,0.21278415922749205,0
0.3224274860645243,0.7684825664994986,0.16906494590289822,0
0.7821444475719321,0.1860027739609006,0.26182331402799874,1
0.4564178537642427,0.778578673746862,0.13300417462520275,0
0.4617853338430079,0.6610172906592424,0.27315188202143514,0
0.7307537917081599,0.9338499478771313,0.306538832937054,1
0.3721279153110515,0.2685766061470005,0.7475282838998929,0
0.8930653947095203,0.012963893349461575,0.145743004433725,1
0.4252705460110693,0.963496747036509,0.9816845561041069,0
0.6288755441540381,0.8563673561579551,0.17729253368671116,1
0.4958687043106027,0.14010181594892335,0.17884342677220022,0
0.7185626238772294,0.03475525925808254,0.5586221757012845,1
0.6950921726678555,0.03117435084417519,0.4696420684735163,1
0.04990744348623777,0.11452840784020157,0.8987679023196448,0
0.07989982424775,0.37012649596744485,0.18057864502833,0
0.8119739106721123,0.8529298290135812,0.7302403711950669,1
0.14047297462620634,0.39191870057856626,0.6101063692977411,0
0.26920227709182554,0.4204622594882733,0.25909926549582407,0
0.476007041150857,0.8512796511447359,0.7602646651929914,0
0.7976873943028544,0.47250100065121825,0.659182132260386,1
0.49745300357009803,0.262530462351778,0.44707972097218684,0
0.3384688333032758,0.19660497510926755,0.5193481576047937,0
0.6086572503669518,0.2600210575975924,0.10484473637194969,1
0.10040262146153289,0.33397985091930826,0.4073623262306313,0
0.2850436944116479,0.544978367776923,0.5959338776671794,0
0.43536718286756937,0.07844686149185631,0.05336888777236137,0
0.6382517456658635,0.7486596148484609,0.8347154771457667,1
0.9075984096978718,0.8926464551132154,0.49979598181255736,1
0.8432580003405806,0.007317916356445964,0.09244803096307597,1
0.3657817663909684,0.6142535374768296,0.838893494511972,0
0.9186190528166581,0.15589070896067214,0.48723519913889934,1
0.14808819220904756,0.23759359077133646,0.03474516761634172,0
0.201910711698724,0.6235458429508369,0.25740538615815844,0
0.17684977409906733,0.31289761012290906,0.4026946607423123,0
0.19448052930945192,0.4256064064195252,0.45681710486244165,0
0.07764402238578005,0.8784018710506056,0.47374312869414537,0
0.9451046148968032,0.9402332493788952,0.27756795617068997,1
0.9494458582222968,0.9716865296836125,0.8840469641730108,1
0.06934521434279484,0.5172304903830625,0.24745592625429036,0
0.47979403205415716,0.6789896039481789,0.6974250752569114,0
0.9088854722982181,0.34384436923676753,0.8251643977232117,1
0.8636321026395604,0.3889023168003394,0.8414055154605233,1
0.29000340576384775,0.888744149518901,0.2534219074724474,0
0.1895641909493696,0.9482149253853803,0.3144978971073561,0
0.7474720297333552,0.5327098246189089,0.36673816870755227,1
0.5949611432732524,0.16108659558373628,0.8280400920266981,1
0.9476477763187829,0.688522946499752,0.3984557121228548,1
0.17167858580127449,0.6855971666277216,0.2531224703662196,0
0.07411166588590479,0.03137934847682122,0.025580699927711392,0
0.5803902109354416,0.6853670976868145,0.1778965579137275,1
0.6558797497031845,0.9008124692558319,0.513873559349019,1
0.691452042545417,0.009615697270010326,0.8326254877052474,1
0.712584522166741,0.2763851548945776,0.739689714080293,1
0.11651442733539685,0.3394220980724647,0.6891217556639143,0
0.9387535745605128,0.40205202333946244,0.9397945209335558,1
0.08518502150307916,0.32906002059941264,0.8371881659903511,0
0.5432186544492476,0.5231619685413963,0.20345114774937478,1
0.1760836600498733,0.10518453147048945,0.2888508378230519,0
0.4988712267923069,0.7534167852687971,0.986501718431425,0
0.7526737547464304,0.9731084524919887,0.9401548507753807,1
0.882069529127128,0.11407792205903677,0.00784270063419401,1
0.2304200104423062,0.5217820521475175,0.3981883235796596,0
0.5504051701014918,0.684487775251425,0.3594804352365141,1
0.46417079243123405,0.21655299014929819,0.7248285882193428,0
0.1247081585113925,0.4794260691646879,0.9349160417989438,0
0.9131097105308523,0.5737430272968296,0.6960503610079704,1
0.8706260897741988,0.5842002898289322,0.2868633701870791,1
0.1885117977523214,0.5912064572517661,0.8348965871798103,0
0.13333717193852945,0.2417611841779942,0.3234216506115968,0
0.16461051937297255,0.296496583401744,0.47669638334272657,0
0.6093094842654357,0.3295301947997422,0.39657814895309773,1
0.9823922610624748,0.8968348534871867,0.9709634606329495,1
0.23287695792545848,0.7205816883634689,0.32586627071853336,0
0.10318483673569656,0.14592167645257925,0.3988847700298739,0
0.508488348861553,0.011346628276070247,0.15895913550586038,1
0.3269398335736138,0.3180170746857298,0.6090436595635015,0
0.8397493464999318,0.16064249426924682,0.7212025190534841,1
0.2138861769037873,0.6126458709590044,0.8770561036901781,0
0.23734013702633072,0.5798129969869185,0.5380185311443477,0
0.8406982689580192,0.7918135138762402,0.6420062704110128,1
0.04685387575352096,0.10281356130269503,0.4996915698598918,0
0.3433932053327038,0.7476446515118919,0.9414248094367008,0
0.40414876738103855,0.28040642948415795,0.9678646786802657,0
0.06094914919201899,0.8594977181260856,0.9807155320435836,0
0.22396206251862727,0.3159397517684679,0.948469761604079,0
0.7330229571381709,0.6825182722528216,0.00390504659672275,1
0.9816895840971056,0.4325185802242937,0.3101174997844627,1
0.5974308540888874,0.22598415571028174,0.2572364330814132,1
0.01673115411126469,0.8838295763087207,0.4162738569447769,0
0.44076566431329023,0.2618212297528505,0.42814883222839484,0
0.9308884670047572,0.02897173238327122,0.393633357565073,1
0.8893677498200325,0.5975612218278344,0.5819802013962526,1
0.8888864013459414,0.13861529891372038,0.4654698121043074,1
0.7487405003743955,0.3666044019770711,0.20335904896610324,1
0.4001578864503229,0.4458894250283779,0.17547571261885397,0
0.07004079985645062,0.011818374054499148,0.5611905711216274,0
0.2553845549880096,0.7325582181008476,0.07566402524244842,0
0.09176945130248482,0.8354291767695373,0.21480832574753983,0
0.45924186618218177,0.6920643770606583,0.9937844720255853,0
0.25512227746382854,0.7095400391421158,0.788099702923975,0
0.1388377136588167,0.2333892049609354,0.06681084975118512,0
0.048355472710380876,0.814871067552254,0.2650979458232634,0
0.6390973838699529,0.0331339731896525,0.7353158043475568,1
0.6523053546931875,0.3589748887493386,0.7605215684432546,1
0.7683993147207541,0.5666142704522369,0.40558733419945103,1
0.21245807821296092,0.6890454664466563,0.47781376157398536,0
0.601995973929466,0.4739352077969351,0.7895595772136712,1
0.6112787539373405,0.6022080909515326,0.8766980628052874,1
0.680843337213291,0.43940863809668695,0.17871652554374706,1
0.045728299571112796,0.6469930703612767,0.37412546129601765,0
0.4528263714134092,0.15641320667430536,0.4922266880913203,0
0.7638131237033838,0.21465281531934544,0.3643511199056687,1
0.4200443518914796,0.9817210201401756,0.08644954195933308,0
0.08278119707903642,0.10544220609924193,0.6081901143172702,0
0.7168729011680169,0.4176194725539082,0.4415558728703203,1
0.2401998150454997,0.9976676303389015,0.6592517606805026,0
0.6303258249411676,0.057879003737598356,0.845588746156569,1
0.5851604356667358,0.8691281227161773,0.9748447255603708,1
0.1913567440560745,0.09168149604984377,0.39120765868489826,0
0.6463895149828385,0.48325349829422926,0.9171449194319777,1
0.6376647444385918,0.7991378699134958,0.6066992123090974,1
0.44036522929482913,0.23453156659832142,0.5079977994590285,0
0.8849362031528716,0.4803145111506485,0.1437819175412126,1
0.09840969943569888,0.1054598882620118,0.8811741500279511,0
0.6733158635835151,0.010155657248513972,0.3029196210727264,1
0.5879829365063091,0.8771129714651029,0.3424739432780405,1
0.45382535110166333,0.8318696597772609,0.527820491287546,0
0.6601994511525032,0.350036893837549,0.218655782997368,1
0.35071682628914547,0.764991457001287,0.7111441425631239,0
0.38090838147392436,0.7307116189627227,0.3716315234133323,0
0.7485472672503006,0.642544160705052,0.5483513611143834,1
0.021243722556995914,0.15415137105357335,0.327463889086245,0
0.6934646265496991,0.7629525866507172,0.8249406661400202,1
0.5170128538121601,0.41301329199643255,0.8092768466810337,1
0.6103067406588304,0.15435232915509522,0.17257893243282518,1
0.9911176506922734,0.44461293532371915,0.5026512602887957,1
0.08456142678160383,0.024671147300722285,0.9165137432150936,0
0.30610236159081683,0.339382363159366,0.7785837315039025,0
0.6628492611728855,0.9168235910145298,0.383797596973384,1
0.13110061832874442,0.7697168536037915,0.782955917740198,0
0.7829658126203032,0.0006331660005989281,0.6506218170611668,1
0.8280651253150135,0.5915249066138369,0.3512971893237772,1
0.1690772152368235,0.7637977752872056,0.3326522585938939,0
0.9051279827274772,0.33747824470450116,0.43946756561018996,1
0.9398361186913966,0.3072102422141815,0.6576032058977835,1
0.9851187016767827,0.16563634399583838,0.8621579079968943,1
0.6804982755017757,0.6243235334253163,0.7064204650159572,1
0.540942610071547,0.9990056793146241,0.6230254893775383,1
0.6070039422100053,0.7040163036384808,0.7880289440022994,1
0.2293842500494231,0.30297538455492223,0.6198792503618058,0
0.224995359571456,0.17029360171646346,0.37378918314168774,0
0.9334321725006124,0.8306884958118177,0.7151118930099594,1
0.9101246393736313,0.6493619940835447,0.4813316537197009,1
0.8945031688882497,0.013334262922544582,0.10249094008606763,1
0.46152224680006015,0.9427312951735015,0.905786452795878,0
0.3156154603218543,0.4848179715712553,0.8844771148091366,0
0.21337944982858115,0.38467890468033583,0.8804131706744125,0
0.01347337955227279,0.11776861617736956,0.8595619415092701,0
0.8150493785896938,0.5217080548371497,0.21778540675808822,1
0.5716728011400127,0.0106635759806597,0.8663057090545709,1
0.47270127400199824,0.12501509085862894,0.16054374920982828,0
0.8173444478985982,0.7030520499270745,0.254023366702105,1
0.6998435287978835,0.7183229442824524,0.6072042421015215,1
0.5358163527144326,0.9917292566251209,0.7566864573101161,1
0.04292705081078341,0.1311237990652392,0.5183448263916943,0
0.2293150536043569,0.3701999655130733,0.5191734583248276,0
0.08507471319523141,0.8323223890419414,0.5023483553835714,0
0.34688979223855143,0.9290019335124493,0.8750442118519486,0
0.44825710783482897,0.23109454777479987,0.41920721552096907,0
0.20910489275797361,0.3344141958867829,0.40098953703731044,0
0.8747372707545479,0.7001724886969862,0.05214989951416882,1
0.5457965611328973,0.5294430266531628,0.9320116739221698,1
0.5159224665412078,0.6264830011540377,0.7483692476595432,1
0.520344168306469,0.9270426275306455,0.8220654909422188,1
0.9748432938545312,0.21116731080740725,0.058843140114608894,1
0.32160643038116754,0.9112015683332098,0.08013203285272075,0
0.4021426831088859,0.8902992477313142,0.010549062524184971,0
0.8892226536468889,0.7764418602005567,0.9027704477169503,1
0.4070755344498289,0.8402337503604677,0.2928414106818116,0
0.5940445680660845,0.5884101436003241,0.4443393627658536,1
0.29981261533568615,0.559916522342414,0.5618477647663345,0
0.4229735206710791,0.8410603538141216,0.42707149760181906,0
0.13404022734359833,0.17349673204841976,0.5511419096657088,0
0.05173232247251591,0.29121965702140484,0.21755197957633532,0
0.13780305642025747,0.4876607441672278,0.23323622866661098,0
0.47217913937877065,0.9480868744849064,0.854521041305762,0
0.6204059918242124,0.09658805529033221,0.7433890367784823,1
0.4847154119257374,0.8099878918910193,0.15111681465326676,0
0.7958805625441396,0.7174952480086185,0.014270227134806635,1
0.42694816211968145,0.3004890775182536,0.027075842532079952,0
0.6045187873403999,0.1167933768409859,0.5974132627383466,1
0.11940997371003603,0.021744864326540658,0.41566390101386474,0
0.25886660228774117,0.04587116711558936,0.8596979424987687,0
0.0005347010030515298,0.7093200955977653,0.21806305471226028,0
0.05086135581415763,0.04403696150003589,0.14857457009306696,0
0.6334691054312823,0.19723468404548328,0.6837698859318705,1
0.03266392028154397,0.48306951491512085,0.104934040534853,0
0.4941042930480485,0.6085801058121904,0.533671118024958,0
0.8424150591538028,0.6397535322292297,0.7669639457815015,1
0.8872717338439177,0.19392779037746766,0.3094525026410806,1
0.0993633478416569,0.9112541274708301,0.5299817443971572,0
0.623878870728012,0.5838963129778926,0.459049744928836,1
0.03826666459640382,0.9110038154380128,0.5020869711312484,0
0.23141910175183011,0.427668065292219,0.4460252448426292,0
0.14765904035935162,0.7565148173729722,0.2909875703739895,0
0.9184839644338931,0.45226775669411756,0.12412737845238897,1
0.5151087674451202,0.9393819930314192,0.46469452480898954,1
0.6643428223511989,0.2654519169598585,0.9189159671968752,1
0.3550362677142913,0.07937607075263697,0.8540276001310015,0
0.35882082044772823,0.37287917187398634,0.23576038685094836,0
0.2335017565491978,0.8546238284737666,0.03473892015710678,0
0.9568846545845249,0.44850973941735706,0.7374661490776443,1
0.5511191872160188,0.9097364169754848,0.14549715695261878,1
0.23836051488971566,0.4018170231079212,0.37186758996579383,0
0.18091244053684552,0.315372887158582,0.5061076117184556,0
0.08809854620507451,0.4964321339351466,0.43408881764856566,0
0.8313742418895127,0.5702679836939444,0.6354892454914445,1
0.882447264210769,0.9936134878682864,0.5340509158117785,1
0.1577462533130155,0.1902403581882064,0.6165360974859745,0
0.7794759881834391,0.19889115755389253,0.18309588132283716,1
0.5056836890886056,0.3147589015016351,0.7297516812702912,1
0.8933405020017808,0.1278070977282173,0.15344249876342075,1
0.25843351370066225,0.1620867695502971,0.0860809933024258,0
0.762743693782264,0.2591856146683815,0.31608848757063346,1
0.7938096518145595,0.55651291299348,0.5428826510409811,1
0.3305759262642578,0.9645151165948805,0.10220983133321448,0
0.07474219912637159,0.4217386894519226,0.6962966161133953,0
0.9402792318760664,0.1891083874022863,0.9946478429119803,1
0.47120955959319044,0.6055609442293948,0.995247209358337,0
0.9873594000791303,0.4421049428745124,0.5540246366018661,1
0.8945230868989534,0.873906549667843,0.2934343710482451,1
0.7744142541704265,0.5116270127250709,0.5495882371029929,1
0.42045549366524027,0.028487567896450128,0.37758599527289893,0
0.8067466248405694,0.12822804601951754,0.7187321118422912,1
0.027710666832723052,0.5817352911622811,0.039426398454328826,0
0.6250333739934187,0.5212372366872815,0.3493085422570068,1
0.19304009267107103,0.01290622635197547,0.3172068729378634,0
0.44571252271186157,0.9301024340965425,0.17042025192390442,0
0.8571437170932512,0.01171645163849333,0.9542999601074776,1
0.12344315967807584,0.8295806214317405,0.5042326790686611,0
0.8177759049359486,0.04357922451286933,0.12357161665031813,1
0.7470935148168739,0.13572110823293337,0.8895225751113636,1
0.15587251540831615,0.8366023980863821,0.24615556532995853,0
0.5261822527955962,0.5023303188756649,0.8047189083018634,1
0.4354556356414687,0.8107972836699886,0.17977541619850812,0
0.8578988610286655,0.4796063920443271,0.567671823713119,1
0.5522578209022357,0.8254982049175579,0.44803012762763605,1
0.28767274395290066,0.6836445773067532,0.5280613172188974,0
0.26035873244272323,0.2302701597132747,0.9186001366696261,0
0.4073796681519829,0.3251267108583338,0.17736569591577378,0
0.31589857543210453,0.34812287842418876,0.353897365612031,0
0.8611045574364832,0.06362096643121917,0.9763602756911688,1
0.24022522421276615,0.13962106010762576,0.31235084606460406,0
0.5361421701951731,0.7103722503412437,0.12878848698696543,1
0.05251911178279356,0.6764618065892735,0.8241059595515599,0
0.41213530708169566,0.3040620687173704,0.22762915176581078,0
0.7008846265149797,0.5407717667929705,0.7128695856315574,1
0.8260826995588249,0.9957594911726083,0.4784625595869857,1
0.25756265202349726,0.715959852301888,0.7291600756060566,0
0.3764018248476323,0.37920133158886693,0.4553562014286423,0
0.21903667293943752,0.8148255600728758,0.5261904919901498,0
0.14239087539406503,0.6776455823704431,0.013096002996561662,0
0.07210621452080812,0.28640135893401253,0.7770326352177679,0
0.86032948400584,0.11070555424838335,0.442415696255971,1
0.6456791667091064,0.47668320195390756,0.6004057528970874,1
0.38850190210882884,0.7211078514873318,0.684050873561036,0
0.09428468736110063,0.34670465878590806,0.2565228939976081,0
0.2299798215974319,0.3888284050126798,0.4072884359746961,0
0.8441774018266627,0.9513025790966482,0.20067033119174882,1
0.8648627918245142,0.8069710780232976,0.2795473197161513,1
0.6470915441290118,0.7638464967165527,0.568731494318389,1
0.9251412815270281,0.6959971797824592,0.2599310135336387,1
0.46970427809102344,0.012108704083141242,0.49727991266367155,0
0.40646226573790323,0.4776050544116458,0.012229656306556813,0
0.13637319090210076,0.8836790853277118,0.3260894200463367,0
0.11168083437447951,0.6968352063283076,0.29281951862559397,0
0.8419746209449964,0.12752396052681192,0.6975919306488468,1
0.3904356131031058,0.7814869679617654,0.9977386326414013,0
0.0705058823486503,0.3362112980843124,0.6966269841679789,0
0.9883496932325773,0.27669082560333924,0.2082834872531345,1
0.05095807489011306,0.38287504754489543,0.537621397812712,0
0.7079872392951463,0.7701291383022254,0.6110378383717695,1
0.47609435791722166,0.2789773088384955,0.603886522623827,0
0.5009335803956801,0.15650382575102084,0.7247338666195143,1
0.44009073602875093,0.9389988755411545,0.2452222747786328,0
0.5535926413189743,0.26166487246778625,0.7080489746537695,1
0.5667959231739955,0.34822876091162314,0.9923463695815232,1
0.8727988967317019,0.5259920787838216,0.06310653521809173,1
0.5504509531616317,0.37961190106187026,0.018415311852703065,1
0.3292779041905435,0.42777944549997415,0.6691040811788036,0
0.372629211150762,0.26622797187187575,0.16430872791756768,0
0.8180205700234038,0.7288300921775667,0.8479551083866551,1
0.9501514058820136,0.1198300266515766,0.967609787062126,1
0.9317741416115422,0.630049257279231,0.7048172948205896,1
0.03358315283308122,0.3100401240247761,0.994131965537204,0
0.16708780940520052,0.056080433041334476,0.8993143962679804,0
0.4978819129021428,0.2907600547768847,0.693068230625566,0
0.47622025622047615,0.8091762456197961,0.16749218189005577,0
0.9749836555971417,0.6245242546584786,0.8525661478343818,1
0.5518718767027474,0.5478395075001034,0.2340418120392591,1
0.6739597655770446,0.822697208861165,0.7231544402202177,1
0.5549929753504711,0.6886653602880497,0.6005954029197539,1
0.14675109514699947,0.4031140093962744,0.4209561294233558,0
0.11308070988242058,0.9937582721024756,0.462654338027376,0
0.7972400352914433,0.18662758667522328,0.5372820073363175,1
0.22598516359357534,0.6937712785866855,0.3433181414379829,0
0.21071978096361454,0.26545633676971636,0.5757697726007143,0
0.5693800745541945,0.12090450263241515,0.5670584469058609,1
0.36107906282805324,0.4660076494260206,0.5416286913724325,0
0.8915555507834686,0.6021279379954889,0.3273882926872588,1
0.6466989692801061,0.8830986609391412,0.826061208286849,1
0.2401101172276786,0.18369884165200723,0.220995288133211,0
0.051576899972354595,0.648055172061963,0.5801989959789124,0
0.5107337517015105,0.6284882681892652,0.7152722626618172,1
0.676625610203816,0.22308856906216912,0.9548296792631703,1
0.9370148101906448,0.7768782431388838,0.3598103525696056,1
0.4832692877572792,0.9842300715052122,0.7078627198918381,0
0.4358112172180926,0.4697499606753708,0.6985455288473208,0
0.047436447952407534,0.13497909930646845,0.7138086448885744,0
0.615062181482107,0.33247248609358016,0.4815989839022323,1
0.19117036088731643,0.9431397485310725,0.40953674229341464,0
0.13410012910848956,0.8565474431610942,0.643699369631328,0
0.25888318106209385,0.1280049348053488,0.446293194288522,0
0.3315608994722292,0.44029789192566327,0.20241335275905026,0
0.7844255693923513,0.03873403271935871,0.6803242567758618,1
0.07117593393510913,0.5418038957367882,0.7744396521109016,0
0.18551011931712535,0.09626138799766037,0.17841770848265848,0
0.1212289503440328,0.07410533542463005,0.11966474479091949,0
0.4805168905227748,0.3886882633631087,0.231252617592832,0
0.3479129316136542,0.2463227050007618,0.9318208399274401,0
0.9182621407524089,0.6401517807192549,0.25723227061572695,1
0.9663373605854663,0.3069158423238929,0.6211346207192671,1
0.8873665074943122,0.8846403117516682,0.42250579831723134,1
0.4311402284863042,0.3422931243289562,0.869261595895571,0
0.8583754385013973,0.0052497886945162,0.9650081850105295,1
0.9643207397717597,0.6476888542941387,0.24938834179772607,1
0.2306954774033153,0.4562406742088311,0.30115797207285544,0
0.5751690882543389,0.658740709846173,0.16831109534785138,1
0.04449331349729635,0.7653685742079737,0.3340294650394381,0
0.7069254673813739,0.22259602407021428,0.5668529081199623,1
0.48789277061424685,0.595095889136721,0.1621623349646215,0
0.9928557338086265,0.8130392052455901,0.7843881685599237,1
0.6978629702988948,0.27039682019797284,0.6231529021451364,1
0.4598360495716064,0.9970935315308214,0.09714154355884164,0
0.7336523245552418,0.669398655878863,0.024665182460595014,1
0.14709734849452916,0.29271909474408764,0.42449087580637557,0
0.9062320013422986,0.6958136841725687,0.20835604637116067,1
0.33319744400359785,0.6435857465214759,0.6781915270292953,0
0.4377442975447706,0.9625375401401269,0.01880548778721569,0
0.8914446958300073,0.45911441105891104,0.9201286563334189,1
0.045973694424301104,0.5697301924442671,0.2969869025744548,0
0.3389827701664154,0.8279913913588633,0.8787403431354229,0
0.29931191156767667,0.6997719121713951,0.8131532491011128,0
0.30937093359374224,0.1424313991145576,0.319807690701179,0
0.5634758513757281,0.173632956304698,0.1563005115526529,1
0.765212438426741,0.6085817455849518,0.12411478736793724,1
0.4961030051860944,0.4336227906616428,0.3524047484126065,0
0.6761978432599343,0.8076658890265392,0.39908658450107926,1
0.3908770399251532,0.07861470043297458,0.1796084153664712,0
0.765164927759682,0.2859108935150343,0.3482615963484238,1
0.5760052836459153,0.7102038606877802,0.19666743318525415,1
0.0789116762305212,0.877598499843031,0.420275419945368,0
0.03800575886734814,0.3552310288676237,0.5058467131564778,0
0.9529976861046082,0.4441479632303369,0.7347806530203275,1
0.7098362552832853,0.5956246888583602,0.8704878482608863,1
0.9182102137002486,0.09226011083748364,0.08033637516559089,1
0.25977572769701807,0.7513427568271842,0.9625945320979425,0
0.4782953368005577,0.8854561061384006,0.4502649595105903,0
0.9261622934933097,0.31804856579532437,0.990910827598934,1
0.0076070399710833625,0.13730445730554297,0.6523165388283784,0
0.033695460959493606,0.9880984452159753,0.9971184546793335,0
0.8052141671070661,0.4976901487165172,0.3311560570168154,1
0.9561710614628302,0.1378141827892707,0.5710104620213345,1
0.208764447170511,0.7253345718882994,0.9764953278359407,0
0.04258602911013021,0.9302324893594541,0.7567912712991852,0
0.7581211541446585,0.45423279837005925,0.5841911879203489,1
0.6411371142660099,0.9822610663998842,0.04555550569177613,1
0.9114119935596368,0.2174942782588195,0.4844250191512247,1
0.25247976917959114,0.5087400161084118,0.284622827732239,0
0.6508565101247146,0.03798741416739326,0.9138487771020083,1
0.275529191392323,0.10585359242537673,0.8999423450189701,0
0.26860037366874046,0.8282353897461529,0.5777745499150313,0
0.9375845426148355,0.06319233733212115,0.8568840542638427,1
0.996585892267949,0.7692575969714787,0.8813574638900754,1
0.38816813935540506,0.2827578262790479,0.19599229663522244,0
0.34029105530181925,0.30234286354217044,0.611923562350961,0
0.17888667572278727,0.3817130967106973,0.3986626809014381,0
0.7199493507131332,0.4126226486812017,0.6964825797008075,1
0.3935873609979319,0.5068659189190876,0.31700890638721346,0
0.35377604834402077,0.1877038528647118,0.5208028608254978,0
0.9303655721911492,0.8883746871979099,0.7492666246805407,1
0.7603512375465648,0.7030172155098459,0.9592842913250856,1
0.5341836977098454,0.42506814049750097,0.9259697288450414,1
0.4404509877680389,0.24917802504883313,0.2995254372812701,0
0.5631582451081218,0.9909977722282164,0.7507507966654248,1
0.6961153524510997,0.7480029038354431,0.41264339624259816,1
0.5777238618832049,0.9872030148478845,0.7391245618101796,1
0.920918959271576,0.19247983474039654,0.25219045240860205,1
0.0374471353702468,0.7493205270345885,0.2521134959427599,0
0.4223948556635906,0.2992231697650899,0.9385230495505037,0
0.4328343079005096,0.0800745879005138,0.395283162095723,0
0.8944393451887339,0.5454262687660524,0.523046975119304,1
0.10125876273481405,0.7066547676214039,0.24354975344175966,0
0.48089410151148004,0.7835011404630514,0.5003049494208966,0
0.25959104102638364,0.1707177020808972,0.8570687816123049,0
0.6433690563974467,0.037342218236056324,0.07632363836877809,1
0.873684906173227,0.8453127076560567,0.7309823129024895,1
0.8421133759991364,0.27436961220229916,0.4004552395362243,1
0.5569522660302486,0.4548513153440983,0.1184618433825173,1
0.9951156178137897,0.20660863858962697,0.0811062246806844,1
0.5423291407851815,0.4373665687720877,0.40907310491422133,1
0.5876594443396757,0.6162436286278923,0.0767582836704388,1
0.9950060562587046,0.8002627576272822,0.9468532446690963,1
0.4631067954592354,0.2479524500717748,0.4655781641697838,0
0.23794647402450464,0.20880000116673147,0.5215532404560588,0
0.8123400520308872,0.6328171220877414,0.042001765355744514,1
0.3868702244177199,0.5416487254352482,0.6856753031819366,0
0.5463338078988895,0.01823674623355842,0.03192101155831384,1
0.9826500323350313,0.8202672234569318,0.5787417786333203,1
0.6791069527476978,0.134708288157517,0.5909487098790741,1
0.8019201869240972,0.17235120238808055,0.6389279272306758,1
0.8445742707290143,0.1488802262934863,0.819074384002717,1
0.24438685446132158,0.8347343215350984,0.03498955445889984,0
0.4607949873001558,0.7872563214959869,0.055781830721703285,0
0.9865810843538657,0.16690407638779292,0.993148398315641,1
0.8478507017888072,0.7180657752365024,0.36864361401393353,1
0.8657063809967791,0.057255826387502706,0.17083690186051925,1
0.9016005543562795,0.11708139949007923,0.8666888235822916,1
0.5609720535223045,0.20935053195180853,0.9670431866380729,1
0.006893368381750031,0.5595598529979178,0.5659030367451819,0
0.3152775904720956,0.8736227915044011,0.06562488079505457,0
0.7146452622665628,0.6241885736486998,0.12772806130614278,1
0.14438636574588282,0.268138840535443,0.5689260880543643,0
0.9075467680757372,0.05058728344294294,0.7868485243394752,1
0.9226066963789349,0.04693735919613318,0.5591254683545378,1
0.4480389098739903,0.032111024650227415,0.6945084798794076,0
0.6635238518222233,0.4492644227611765,0.08467397566891921,1
0.657446690504271,0.2304581184775928,0.4170901957693177,1
0.3059223362782918,0.18283762875452192,0.7607141701308952,0
0.24268773971009416,0.1289496408719525,0.81698179954663,0
0.025974858508923893,0.1808694641061448,0.22762312585476185,0
0.6766865869140717,0.21256790029467798,0.37185103870308023,1
0.2920897955653914,0.23023782451696506,0.8283947811438993,0
0.07199273781634474,0.8803784101981054,0.5126939461164264,0
0.6595522011803796,0.3127924291784637,0.8486324371732097,1
0.41134869878378466,0.6645022063063045,0.8561943823321617,0
0.9435600827776425,0.9493662055872012,0.62355365164505,1
0.6438711222050935,0.250987768529897,0.32787263829584246,1
0.8277547325841339,0.8689037155266779,0.6944053087650964,1
0.755599074863387,0.06152358258802437,0.04531434540930723,1
0.5939648288074729,0.15108746260275274,0.7171747325829724,1
0.5713481682772732,0.9523201908008346,0.11247239516856278,1
0.5491471946749282,0.1474669993790163,0.2338479767573487,1
0.7602443152605679,0.9337742827349235,0.9035312245420746,1
0.3662966681297056,0.58054260604284,0.0882042935461913,0
0.7969765724616791,0.259468624171341,0.09336758494630892,1
0.3407911147777165,0.5086991873533461,0.7689522824989785,0
0.41937575171612607,0.7188480501348314,0.4710702498021696,0
0.7633760855327867,0.022045041952306943,0.5939573547443979,1
0.2559651860511455,0.6197021827384495,0.9294974697205923,0
0.9669907044658671,0.2658623078940219,0.2664585134232178,1
0.6726349486810856,0.956562187827016,0.0027760882526763897,1
0.1785065437082971,0.19534936463475405,0.17265337499360778,0
0.7311022590717235,0.15283053780743416,0.6322450354073479,1
0.7844343133842377,0.5785817829401334,0.1863117140000068,1
0.20441077080835468,0.30653126793796037,0.9137045560888372,0
0.33230965049681516,0.7168384853508749,0.9481897860294982,0
0.12709967975464176,0.8588790050652667,0.9101015645372421,0
0.5671002297867872,0.8806627274457661,0.19656527342002406,1
0.7939357031577742,0.2891422604730851,0.8794333223752046,1
0.3776817421040807,0.8807000820463808,0.8910546940872064,0
0.5432513915663002,0.12483797263182772,0.041531843910861954,1
0.8087842919132563,0.6014867769507117,0.6240230149781028,1
0.8442960807268148,0.9598134948702951,0.28045152668637396,1
0.783116479032269,0.021504098871020894,0.9360138063442798,1
0.2851934286620941,0.7635246435076446,0.21183355384908398,0
0.0918918368745848,0.9959626951704561,0.15132081043529166,0
0.8884836018044379,0.262779568377823,0.9086816741183487,1
0.2671798503230801,0.8451527676869667,0.8928989407360965,0
0.9292784517703354,0.32853129325308206,0.5427680503588124,1
0.9349041610179888,0.053002984442484635,0.6479644470288692,1
0.023605885118845205,0.8984997054561449,0.9744849948920642,0
0.2880272434938633,0.3143302741284858,0.09735911565225319,0
0.4134131818846678,0.8893597578637026,0.15053894914330312,0
0.8515173868250707,0.3944372675402261,0.7872782489288915,1
0.5786188799282432,0.014936002442695773,0.8001401281807969,1
0.45126582625159983,0.5333965314292596,0.026378324305902145,0
0.8018140292350017,0.5563180139162164,0.43538498439026885,1
0.3212465390313908,0.5850840444700306,0.16426574788998605,0
0.6781026194906459,0.48102591357639213,0.9740940636639522,1
0.48989084275557004,0.9207205580017641,0.3748044167482075,0
0.8812046072096947,0.24101155947786557,0.6846801502079145,1
0.45131072963215824,0.6199002659458255,0.643581936643307,0
0.9885842740173744,0.5025543324825409,0.41507599120832617,1
0.1555257369552131,0.7418270361205731,0.2588417666800227,0
0.5948727835235254,0.35687588274641324,0.45978706049961726,1
0.3875790002232873,0.6728999513749181,0.948336008019277,0
0.17413293878928993,0.47559307708830056,0.5045109394473332,0
0.620636333382026,0.012024736669093428,0.9965878233348472,1
0.33555911857941234,0.5809390640812137,0.3540979879136874,0
0.5167633552942656,0.2998472095252006,0.5065208089194795,1
0.7604540713322752,0.8899908945256291,0.3961087029380651,1
0.645825961577887,0.7897469729633401,0.3857181607300634,1
0.3054199280636455,0.7810253926788252,0.5310448623548129,0
0.9918144311004904,0.9465035319664958,0.9667819705021886,1
0.19531902285895242,0.8039845915154527,0.15582167160239557,0
0.08630351793379099,0.07191027899284141,0.07894665598671635,0
0.32563775482476,0.37550150265493076,0.5724080512360916,0
0.6388184344320956,0.04102688562813883,0.5181763949011144,1
0.3048258345638777,0.4564658106097841,0.830245399420053,0
0.5259846613546009,0.8404954085395946,0.9780637320141117,1
0.9751085146428663,0.712714279322195,0.030008382005796808,1
0.7776477236581455,0.25794805047345604,0.36759263564359335,1
0.7607390098182376,0.23505821068745902,0.46321259453074104,1
0.7419269746883631,0.8120771558630835,0.0507909096510194,1
0.48768988254494383,0.626564082227636,0.6742868293600275,0
0.33265563002784615,0.34582669217878814,0.5887023506337998,0
0.03039988911944702,0.434888773236621,0.3845173748483103,0
0.710309655272667,0.2655779731007346,0.27665702752147525,1
0.05441557775607664,0.22493505586130846,0.7051923678862272,0
0.02895532281036184,0.21057809745868983,0.09176958457740503,0
0.021884993024794075,0.5946093739432695,0.661257568057732,0
0.29304938701666483,0.5908292517037834,0.47546940725364006,0
0.9345179375546828,0.7750613912443821,0.40939186463518107,1
0.8182542033628293,0.0863794764350505,0.9037282674825468,1
0.881452341431607,0.8148178948885874,0.15176073964639258,1
0.4927764113338008,0.16245646644968226,0.04037663724321827,0
0.07383837572057361,0.2779228432716797,0.8304760002272126,0
0.7853948002721064,0.3589959617529198,0.02120493202241902,1
0.09446787719334437,0.03824107385976849,0.21876634469664802,0
0.6855173527316056,0.1270766965822685,0.5272047321079101,1
0.14485330853381484,0.8930321944584438,0.6907679164456456,0
0.5706374313845654,0.9123714748264866,0.17167358013478806,1
0.5100987752697259,0.48568646270124094,0.24627342304998545,1
0.6553565818334947,0.1140219427889606,0.056916408191632684,1
0.07643543862009539,0.823971478879852,0.10108749648400028,0
0.2875990426982248,0.8305711989772268,0.0859622853646752,0
0.6971366186471587,0.11751642811792351,0.15369106641654418,1
0.9293326729899326,0.6357933356153319,0.1934336707945541,1
0.8134007934762567,0.5469847925898069,0.8938321374512928,1
0.15007636704085736,0.8062472344844319,0.7072435135010587,0
0.37497597768474933,0.12889260685169968,0.6331348252967917,0
0.42167684572957886,0.6708393508302568,0.3554824059080455,0
0.6744465062387187,0.7058123425029055,0.22855989591439252,1
0.18336398159485,0.39976478010386984,4.088626982867716e-05,0
0.22974293110661637,0.0973771898521516,0.8059201545511403,0
0.38310959517749144,0.1306186799586554,0.7189601794665925,0
0.6744401332770055,0.31331415492202863,0.07142988704885145,1
0.796292552287496,0.41080241459621036,0.6412718994807572,1
0.7456409636415927,0.3922199571498608,0.7523890797909908,1
0.20914426724361757,0.8878055803264021,0.43155416122399304,0
0.22848543710022073,0.9045809837994507,0.4917381062099765,0
0.3571418504550802,0.858422936935481,0.2991656905778063,0
0.8942033088301459,0.5267272101010412,0.7936552832303667,1
0.4466579158823426,0.4886223895288755,0.6640731199031369,0
0.12149757375809367,0.4388980451578576,0.13521591482896267,0
0.20545890375476394,0.4512226280508599,0.406177386547966,0
0.2162070278488062,0.24561111712876182,0.8626088060160638,0
0.9500716075451915,0.8186941973660786,0.635802514841731,1
0.4936217486980844,0.4064472229640864,0.45866507383448185,0
0.08902907961995588,0.04211906011059685,0.8523635628255485,0
0.5439447897509776,0.10790505253096294,0.8733784359219651,1
0.8538127096689141,0.3453963324677398,0.6001708335988701,1
0.42298044543162006,0.04574272698653159,0.059357972927834735,0
0.286210471805063,0.6443242504069309,0.254300735939859,0
0.5092421651285002,0.32013222258335916,0.8355102364534729,1
0.886334501420955,0.12933068470902886,0.3517109827522431,1
0.23032338640446215,0.34311192222728504,0.01678907946539132,0
0.3210950600851894,0.9829781079215342,0.7505223626361455,0
0.9181050181397898,0.3699557185160127,0.08387745343235053,1
0.9795360821398076,0.8145763470919913,0.9038575351756978,1
0.13019596488873564,0.3735228433091774,0.5244247869294912,0
0.43215045041039524,0.7065834016615391,0.005327145279263479,0
0.5839584531013893,0.99892471761114,0.3250710224272366,1
0.7064447833477056,0.4701917627834976,0.1517617620867714,1
0.16640573995154095,0.4065289649504785,0.41664161141464584,0
0.5814219727575697,0.19899267929534892,0.8784817152898534,1
0.43054314856507225,0.4996526083945192,0.7994311453825748,0
0.9310663969529082,0.684403663084171,0.8291897954213489,1
0.42366870741131046,0.7781096161429242,0.984808611050747,0
0.42012043149391853,0.09324660256177786,0.7089416813186923,0
0.8049129794791756,0.6384619399899031,0.9967681385726731,1
0.5682209385449964,0.13064637901262877,0.41177237296153446,1
0.5893487842187745,0.7500951461505034,0.44814342415752373,1
0.07234860870463511,0.5118073497902211,0.5959809793893862,0
0.60436172645674,0.9545692798448582,0.916791055468659,1
0.9034055576520819,0.2663593076440286,0.3198377623146976,1
0.02631234480700939,0.2122120008962124,0.5318057542810131,0
0.6329391779003174,0.5489238682051298,0.5563526913256317,1
0.9008405232168795,0.594920946229389,0.7086578835084419,1
0.25564061659202353,0.854511024637749,0.9284296326627149,0
0.9429910634705561,0.14978830667046616,0.5377150183857847,1
0.5968067930421903,0.6609279138955921,0.25745508537646267,1
0.25945717356641207,0.02638841723095553,0.611743838646382,0
0.28455074094679333,0.5826865377754177,0.47455702689773105,0
0.15833268357305352,0.8546306377892343,0.05094336809190225,0
0.20285104328358472,0.9205481671385592,0.11484567776776888,0
0.7099354441495189,0.7114023653123651,0.5326644272454012,1
0.3826071232302829,0.03023805584892547,0.45721760962415214,0
0.08444902640282959,0.8930691206860013,0.001460563363862577,0
0.47156024702377786,0.8243278609492373,0.7955477888701451,0
0.7755958459506064,0.28126738144803165,0.24092282042386592,1
0.28340820072230744,0.3606883749502934,0.22621811820373805,0
0.8560693252127005,0.7676464399714955,0.590233103122263,1
0.1127123334387875,0.3850154983251134,0.7846628967122605,0
0.3145057377844859,0.9152724946950282,0.32192970370169494,0
0.4676406579844128,0.9821092214601509,0.2155193576108202,0
0.09539961245195494,0.9749254697682328,0.14701027745939932,0
0.8109449530709436,0.2162868325053242,0.018606181173932757,1
0.7264218017666192,0.656799103244751,0.7627926326532569,1
0.6410314364047582,0.1184009750556817,0.4289804358816163,1
0.1261606077302445,0.31927051693288977,0.24047668774304376,0
0.6503384092767589,0.7968500635921252,0.29237390583406,1
0.5767814874670992,0.5587975213156857,0.24194322520680445,1
0.35488881185033994,0.8633504696524608,0.14290002634053367,0
0.7807446254636075,0.2904945843613377,0.7080171174515473,1
0.6260294673302832,0.8233278088990437,0.596332481815521,1
0.4030050197619741,0.09783396152031387,0.16931578684617643,0
0.023906981375957037,0.8059252456986269,0.6286724741178155,0
0.10840492367476162,0.15262416935161738,0.5867218366053829,0
0.04302139264959137,0.38573172206352246,0.9017691024748238,0
0.8040496283443956,0.2380276216888424,0.7928469907826312,1
0.5617972177614328,0.2232407883511529,0.354130099138654,1
0.7125582158641823,0.38640751926198813,0.12787039220957852,1
0.6928165217854575,0.438870364979431,0.35258103840664234,1
0.09597832825876129,0.45995033797440277,0.5204529962292342,0
0.6746253863988404,0.13729605660908895,0.683205468160726,1
0.9125186016323208,0.7813102526223714,0.7524208951702429,1
0.4237391996822061,0.4529753660490988,0.2804437753522431,0
0.19779400630821042,0.3448552321679954,0.3617460289491873,0
0.19002304858776176,0.15016301373624497,0.4618084540529197,0
0.5509192518048173,0.4747296348466514,0.140846350366999,1
0.9800552865520418,0.1495707983786394,0.039179040945413024,1
0.1146635629786451,0.5056099673771806,0.8560997838895369,0
0.042637952731924944,0.6284107856688516,0.7823081532397784,0
0.4694395139002785,0.7101116335400924,0.23141009205885787,0
0.9930515098383838,0.3205884336012401,0.5068712342050257,1
0.31347943549456814,0.4430442117977572,0.34940889622557003,0
0.035252068861483576,0.6137982485715292,0.6815980670531399,0
0.6819583854996402,0.6796990663073539,0.5458759867724392,1
0.20788145612058573,0.8437068072995935,0.5089531169326318,0
0.13179993593278194,0.9049815870929673,0.4795543610951688,0
0.035675633096837966,0.6494091490501219,0.059235474638062,0
0.5854458935590843,0.7606763556676,0.6225184431781488,1
0.14752147153863415,0.09423608105437509,0.11354991867180897,0
0.0057126570957705125,0.0015320973811248084,0.6301782895726405,0
0.10405190714987811,0.6800260360500184,0.957578084081198,0
0.6217646404893915,0.15390363511357863,0.22901085452703407,1
0.17101323842934169,0.9989243774544382,0.5103852674187909,0
0.31727689863188147,0.6311625090477166,0.43833839282284803,0
0.2814601209309062,0.9165726699204542,0.17619855203779233,0
0.1867350500214504,0.37627311742248315,0.6369528932983874,0
0.9970934814528744,0.4724231109009678,0.8822209988791071,1
0.3819365247159089,0.09541437693134647,0.9068382486281996,0
0.7984427704057446,0.6452372691393015,0.34307850751420366,1
0.8294573646817747,0.8485509149933664,0.346259799460349,1
0.77487787792628,0.7003797511842413,0.3295481255574516,1
0.22870768948599918,0.7556270509934598,0.7853962421752745,0
0.7609223671789197,0.6843563868460562,0.6055326686439638,1
0.7940778340983962,0.058829524590936266,0.34048574678174925,1
0.23111304373170272,0.0036786403368147536,0.22835239704364263,0
0.682488468798175,0.632193864204548,0.09037960752649943,1
0.5848185934777678,0.5569638470900358,0.9331391216215528,1
0.22143120491623014,0.36674714553431065,0.33661507613189656,0
0.5140691780691403,0.9893557750106091,0.7590240946264789,1
0.25887696148346495,0.7839242406237215,0.05567205175847734,0
0.29644670673633533,0.9471340967167993,0.4449464110464516,0
0.9509752065776204,0.5434390908498493,0.8583060665973814,1
0.5521315575392826,0.9518018124762143,0.9101837894947318,1
0.3422082929374083,0.3136975044663388,0.34379877727943,0
0.05719141811420658,0.3367545820618518,0.7155410573471076,0
0.9385319656885074,0.1580524947735058,0.3021659664403239,1
0.045163602310790085,0.3684963132074949,0.6223692689597194,0
0.71704142792065,0.9496895733098727,0.4587828525054495,1
0.5512374966803749,0.20897060238598753,0.5802377022450667,1
0.9139289761235492,0.07531972800354136,0.6634876969383052,1
0.8372135999664838,0.5231143359556707,0.9116199213518643,1
0.21810802910850724,0.9916894104686308,0.31298972684637294,0
0.7217113560325311,0.09751452434443009,0.7281828355234244,1
0.09695956708275455,0.29155022776606865,0.8960999829538108,0
0.11642048818585227,0.4870750309502758,0.8336698245318621,0
0.835582828814719,0.5791615046670454,0.4383050720001139,1
0.9680986572491088,0.7936217510505406,0.07401841194898451,1
0.8262557501328338,0.048852740318443666,0.9640054149604093,1
0.3705423566724573,0.4307423615602558,0.2591899729919618,0
0.9397596661299624,0.4021345950692641,0.7246795465329918,1
0.49375395398120503,0.03138658175070719,0.9027440886700286,0
0.4708102454466334,0.4539918692668453,0.4565867394920101,0
0.5719407450214379,0.1952740592749026,0.9778468476631305,1
0.4634928519804691,0.551054993061528,0.05789411562512936,0
0.9775602218965389,0.9698068560554483,0.6485233495854454,1
0.40311818170977776,0.6450108660355409,0.3877453542481768,0
0.8827969382891852,0.2103201757730232,0.17085792295647984,1
0.29996165336163505,0.022147216030553363,0.5245505165922775,0
0.37521052645074315,0.48830304062655905,0.9172245292644026,0
0.667982754034732,0.5969837354638445,0.4762672852122304,1
0.2436533418476282,0.11221168238775847,0.8570324786890298,0
0.13534694878110465,0.047854972351365266,0.4121676815136327,0
0.2701956969378124,0.3594262942000952,0.7031115772635043,0
0.8230865122359126,0.4257182608630109,0.3408713489071553,1
0.27040441727524,0.10537642079134468,0.9855854370975885,0
0.5518451500621272,0.6147026716196078,0.8696861367304409,1
0.8782948516033046,0.8812494294089455,0.11218735788849055,1
0.7680111141263184,0.3666260943876687,0.28384299769016197,1
0.7798206290010251,0.3305419113196705,0.8024286602310806,1
0.8868613387449953,0.023639737392143867,0.30888837498501587,1
0.07843182382192238,0.6481394455540471,0.19610790900446173,0
0.6463247834405924,0.19440486707860527,0.05091674897908638,1
0.8474473798441684,0.5837448118562277,0.45676978430730497,1
0.6022482045286193,0.5569849370134062,0.683850049343616,1
0.30335337253370953,0.527519988341406,0.16765117522360085,0
0.23267921332185237,0.5316647741400611,0.8188205794237653,0
0.8126666591922675,0.9676399625706141,0.9986280083677297,1
0.176122886286754,0.735553988844749,0.9170609172446567,0
0.16162690342021135,0.9052814172621505,0.35281758714761025,0
0.6220548814791853,0.4154988198430334,0.47345391657509717,1
0.03909908694458342,0.08856931621918973,0.2592030814837246,0
0.5976977459839368,0.017977359285381356,0.5454834003393771,1
0.41458496899721176,0.17079950727967685,0.07970984211846965,0
0.9076105325640231,0.0708782773195793,0.9877316926654595,1
0.9561975420085576,0.05984014250493952,0.5897862428318668,1
0.6879024750969609,0.9299592081586384,0.030285295590399386,1
0.9999495159987986,0.4615978672948535,0.2751322000956211,1
0.8701660745701068,0.0802288208879286,0.7960207284812035,1
0.7836089112011316,0.6741422728896127,0.714339294848,1
0.6824947773193153,0.2992219850835093,0.9527825675105245,1
0.038110577096366005,0.617096025875033,0.8620591809227884,0
0.23815853752590554,0.601216668074061,0.9902713608151272,0
0.7223370827601554,0.9288252118616457,0.5732785776021113,1
0.5204765081599194,0.47834310445213724,0.8826434933592042,1
0.10034966923219901,0.32435556028915213,0.30855291262009676,0
0.9901793891975493,0.3214382837182027,0.38030276382478,1
0.7154868415600342,0.7084965971858656,0.030851489351836014,1
0.044090294672167185,0.49347302858800135,0.06124551205779394,0
0.6724014972550568,0.1498071371476617,0.8746293852520488,1
0.5784474280749895,0.5649634790843783,0.27486922635611144,1
0.6647558451872536,0.8185811821598762,0.8055476189222677,1
0.5881410260872619,0.024754231034535112,0.3921013319686514,1
0.7811223882077328,0.27335298829971066,0.7983299345005263,1
0.9135418936138762,0.7872964476171397,0.8487666187690414,1
0.9817525367321632,0.3483070796673413,0.009391466508821722,1
0.0656064014445552,0.8423928935373408,0.167792806878304,0
0.24384945365003485,0.5830405168343813,0.5832608172572796,0
0.4325651918057595,0.7764905258456233,0.7488886923788776,0
0.2598440868303059,0.2778214039522354,0.8161337725891589,0
0.9709921211956557,0.028540385320348527,0.6228909834497696,1
0.5641930235304479,0.9971134906960172,0.7943875580813813,1
0.5050584838017951,0.8249515339495264,0.08021588657213696,1
0.8484518619046818,0.2763644328436192,0.5430730026979649,1
0.7939342071755109,0.16824778971069165,0.47427158179085815,1
0.44778085586432503,0.07963549532352932,0.5222183463768776,0
0.7606975708232396,0.09677961785413258,0.896707452543698,1
0.891989196943428,0.35594023198035407,0.24206747968126552,1
0.19885821753375954,0.531682225793214,0.7101062845312338,0
0.9709218745057644,0.6320390399646739,0.19031189572524354,1
0.3362513450400404,0.945386166977271,0.29889805688837134,0
0.542585258403412,0.991232006172789,0.3438058882080691,1
0.9510846119123737,0.6376918133068091,0.33645994235797927,1
0.9363557588964722,0.9375568817635684,0.28024827773206185,1
0.028002621258335525,0.30963234692370956,0.12513628491782547,0
0.44710306379856457,0.3595321846530629,0.5816914393601118,0
0.5633355840796734,0.15929182686513255,0.25647600981161134,1
0.8302968929112042,0.04341059425351457,0.55959609282909,1
0.7204670952273057,0.49904852367695307,0.9514904009768147,1
0.49740881179934937,0.8506304060785074,0.5479931616712669,0
0.06917264947950086,0.6009783748573485,0.29489802275617494,0
0.7291433754167287,0.5810255048559102,0.15901941652187546,1
0.7382104368261477,0.32553981325997716,0.20944520440798298,1
0.06870425904391886,0.20969779344129957,0.745758783929857,0
0.712457724788863,0.8622485882344016,0.33989364985008075,1
0.2285820267979075,0.680185127067044,0.9453952012778478,0
0.07623596211633776,0.14917571768092952,0.4627846550241682,0
0.06573315675162172,0.3663736006666971,0.033480574749197856,0
0.8043065716401965,0.36440554500934896,0.466075049747502,1
0.831750737365949,0.6719499600463869,0.8519674636835168,1
0.7017654902089793,0.3350909241783826,0.20927044913789594,1
0.23443090828575186,0.46028385181202147,0.0569104374156435,0
0.20121933393493097,0.7911480447399237,0.9833848594516389,0
0.8082521920926601,0.8673922116063887,0.555142009486476,1
0.8179133091750528,0.057255576853928236,0.728061945188407,1
0.8723516690617993,0.2920849036402684,0.05214283842288214,1
0.3787646831159155,0.7179192852924123,0.3356085916292785,0
0.8620254702347147,0.8174393203831887,0.05801869746514354,1
0.3410851980413082,0.6824010214341045,0.9135515454926437,0
0.8591317095043337,0.5164206688652004,0.7041124755918179,1
0.7866908085138775,0.5946952356203212,0.37248006916079324,1
0.5720347563197794,0.051487684643294784,0.022914459472358706,1
0.7007785359094455,0.41540995453355856,0.7359831410892922,1
0.3329879193350208,0.06238757420819052,0.1421819874675394,0
0.08071894556465209,0.2869021067130555,0.6113877940687479,0
0.5726365069108301,0.13767939524355766,0.20385338870910175,1
0.02313179749352756,0.8784074941969183,0.04991419515629747,0
0.7057059508064979,0.08232339131812794,0.20741073082944017,1
0.6242782946966715,0.9716528496457784,0.4624492116160276,1
0.5664932659491703,0.3666711110365767,0.3808612540379359,1
0.1694859199939298,0.01772320429497376,0.9986925400236992,0
0.038359941487378646,0.9558826548626583,0.6165995492877712,0
0.6214482535767467,0.48731567546730037,0.7820559565604344,1
0.43763904728088443,0.5760995382354134,0.656701877219037,0
0.08637767641892735,0.2409264412196277,0.05120018882596622,0
0.19473063348720854,0.46614666025598583,0.5201120793769206,0
0.9664867006774059,0.8810211576559606,0.7098919916568565,1
0.631446437413147,0.8533940281030218,0.7275820725455717,1
0.8377540806704609,0.22419286433970398,0.34463766264283535,1
0.6074207324832223,0.0574638675210567,0.6833900964916538,1
0.023864187755425093,0.5957840229411571,0.05716315711011832,0
0.21501989482534123,0.6871906299020184,0.975989252998037,0
0.2988364483332798,0.7295346109525678,0.35220392687645885,0
0.4925332933474512,0.7741594396278701,0.6100460133007615,0
0.0856506814432868,0.273113503308981,0.09444242312430984,0
0.862997658882656,0.20134501061910903,0.8388015918728505,1
0.7569225572890685,0.8367628300513716,0.6390399448260077,1
0.6627557419502065,0.7494506104424,0.6090493238268324,1
0.5254132152742202,0.8728653733457105,0.18644737137934175,1
0.3597951559688023,0.0843718400415574,0.9833241996482162,0
0.11987464070829268,0.02252904762332486,0.43385774238538266,0
0.7485119948201521,0.7027130278182944,0.7576485333864619,1
0.9637449869514271,0.9280178145201784,0.7614513457577832,1
0.9793629021600682,0.14760346098741783,0.30327326316695724,1
0.06509503983568343,0.18134509322026093,0.2064297362004378,0
0.5003729453410339,0.045217119907771997,0.44988548504328263,1
0.056139310891434535,0.046049091503391315,0.5074696689959448,0
0.7796842254460759,0.4485185777818278,0.3258209810951923,1
0.4648250731272221,0.3201786559430789,0.7335228795547241,0
0.17481886560220894,0.9370540683086926,0.8202633052392244,0
0.5053759876444903,0.4270484157496308,0.331743606133846,1
0.5368734575174596,0.6470778503545255,0.9013221495611213,1
0.027859751528014787,0.7855236025053922,0.4766901563877294,0
0.47462443416375366,0.5514122412488848,0.5688764845816237,0
0.6142921778763787,0.8728540141678413,0.029187247227528967,1
0.7408536599598528,0.960348894395655,0.25006515689433007,1
0.43313680556913037,0.11451072354469294,0.4645064714916729,0
0.15911047621903862,0.13169943970977405,0.5508588566780414,0
0.48662420375530746,0.9813581439542347,0.23100901623203518,0
0.40278623857414764,0.35244719449614426,0.8870957019306709,0
0.8778653259508895,0.930505865686031,0.4640249869669595,1
0.5679585651545344,0.4726150566029017,0.6372706672083486,1
0.3793527103068388,0.24458158783848483,0.5696950902996069,0
0.8954550920685846,0.21699205770747354,0.4993621579469536,1
0.22164587895678867,0.4900789851264963,0.6918017752865431,0
0.15576220012793862,0.9918668325186237,0.9239129304363422,0
0.47201751054653385,0.8994451153945623,0.033691618338836715,0
0.8858738061250713,0.1260749667455957,0.23994437645652666,1
0.9029206967164018,0.19354036616350445,0.9890262407430157,1
0.9779424991680213,0.2656090590897958,0.9213088597384315,1
0.5726664189725837,0.1776259323365852,0.7336066121587694,1
0.3063370462829197,0.21758065219378686,0.07803047363318327,0
0.6481000438505928,0.08285002723562385,0.6082871580520354,1
0.14729679043408594,0.7405620050257545,0.24689147056868266,0
0.48285395729610014,0.19798162432114608,0.8346567702815076,0
0.5515759958626428,0.1423181195779566,0.30024550653089965,1
0.2834879744918797,0.5043038695066859,0.4434053917661265,0
0.6827086477630137,0.9106100134863719,0.6335057295351741,1
0.031099270377707322,0.6611374152685873,0.3957823308099251,0
0.9468037268530609,0.7020437820425108,0.2192248860173942,1
0.47925985515744796,0.5070356594263491,0.7102132943255407,0
0.6718219335842963,0.7638618151494188,0.8487986899843246,1
0.4796113653087427,0.47125711502872136,0.7063723661730967,0
0.14094453904536897,0.13996256157610754,0.7140558102363088,0
0.07707891801439448,0.426023927227577,0.8391484833846233,0
0.7372909956431769,0.6763992252372604,0.3544198263282864,1
0.05548969164753559,0.2490904290949476,0.7320286179906548,0
0.10546538865481936,0.9042086982633484,0.9659408754976903,0
0.424770336595479,0.5416367011519823,0.6685311499902401,0
0.22625682045090312,0.557082053049415,0.16069566690232762,0
0.9725825808265087,0.26797012682366106,0.5683211509130656,1
0.7095748956451322,0.6466456738486885,0.298138872524086,1
0.5963366672723189,0.9466455446974035,0.6001957170878652,1
0.9953117414199834,0.2992831573223105,0.920608708350599,1
0.10810148113816087,0.05543957100683228,0.7715270491022095,0
0.11172316193261878,0.9254829632135319,0.8066399858524843,0
0.6078100735289399,0.33094712399141357,0.6654103704390103,1
0.18300639004922514,0.11324076107384295,0.46836788193525314,0
0.2495412425664808,0.29572355068284917,0.737249224988029,0
0.7755899351630642,0.9672777574195149,0.45073120944268275,1
0.45683945077007315,0.3184177003162558,0.09323958716971881,0
0.9842455905827933,0.5425293813277947,0.3839567438276891,1
0.32921502952622694,0.8667777658648081,0.09652356461741818,0
0.3935559946096101,0.6761345200173713,0.5624885033263236,0
0.1703485672099132,0.8999594654719228,0.4115774694295836,0
0.8965331026872567,0.4658582849755708,0.15657739977208085,1
0.69309478229761,0.07331106374573604,0.7695436888694405,1
0.33421096598102285,0.5531423284298599,0.8125947214723348,0
0.33233995426567564,0.44157471370641554,0.15242139182777792,0
0.2657320359302042,0.8898814128981063,0.03831495779144922,0
0.26655366496959143,0.0868942761847401,0.3690951347280228,0
0.9931490984601515,0.8123420444230937,0.39558133227621617,1
0.04995196960179493,0.8966901786047634,0.08299323124482605,0
0.5271117510998052,0.49372896755433826,0.1958718359594137,1
0.6855077272615527,0.7127116474834849,0.1345643313834871,1
0.25858766451766335,0.5452860429884249,0.6140198208113518,0
0.3549670792679809,0.34670019229805127,0.18293647087097897,0
0.6222202578414417,0.5769425172578528,0.05855971154256889,1
0.25778020326220874,0.9037220229655841,0.048913332613696014,0
0.5298998353017466,0.7411557930964021,0.6650653404898486,1
0.28543599165606326,0.6838621566259153,0.767452514027991,0
0.7010459872423267,0.09369209029224124,0.9850166977455421,1
0.23945532660542335,0.7314430344721883,0.6697727907810134,0
0.5837269665876212,0.9616781982216733,0.16054768444204703,1
0.47353689856836634,0.3912930725593107,0.08812774715528215,0
0.2840203624625055,0.8684634149983897,0.8190325586089177,0
0.7322876511308936,0.13190219081675025,0.8706116441915549,1
0.3366906877217454,0.7013182374219202,0.36337943517957827,0
0.4572615136997129,0.007941821191444709,0.9425939794826969,0
0.5159221791142011,0.5545384531413208,0.5020690109243852,1
0.9213801291547392,0.9882525844927618,0.818339508863885,1
0.9927618516801853,0.4631922383986409,0.9609273856391406,1
0.2827595790623817,0.465918517086948,0.601987085751693,0
0.070616941478724,0.7834559051700264,0.6117738776208473,0
0.34295854085897215,0.44088405762364913,0.5856656072020732,0
0.9830579583421553,0.3527384767991425,0.3430238045180356,1
0.15094139983358523,0.2081662515290562,0.47490854323533827,0
0.6437827182510918,0.3060710449201598,0.5639975670490265,1
0.2070827940077442,0.6865772092851185,0.46041336492823937,0
0.7193553257743875,0.29318431698925107,0.35324070382298944,1
0.9041076850611881,0.5978936592244242,0.03558453456358257,1
0.19020608309342713,0.9020525325693898,0.9750424170034947,0
0.19980678740286817,0.5646595543101435,0.9586336803100455,0
0.4832727266835235,0.9827579540573061,0.9466078739477635,0
0.7607524980126118,0.773620882886157,0.2560767571546594,1
0.1359848314326686,0.6430304082890852,0.9463351502327065,0
